Microondas_1,Celular,Tablet,Cafereira,Maquina_de_Lavar_1,Microcomputador,Ferro_Eletrico_Seco,Aspirador_de_Po,Freezer_1,Batedeira,Receptor_de_TV,Roteador_WIFI,Qtd_Moradores,Ar_Condicionado,Sanduicheira,Espremedor,Televisao,Modem_Wifi,Ferro_Eletrico_Vapor,Filtro_de_Agua,CLASSE
0.0,1.0,0.0,1.0,0.0,0.0,0.0,0.0,0.0,1.0,0.0,0.0,3.0,0.0,0.0,0.0,1.0,0.0,0.0,0.0,C1
0.0,2.0,0.0,0.0,0.0,1.0,1.0,0.0,1.0,0.0,0.0,0.0,2.0,0.0,0.0,0.0,2.0,0.0,0.0,0.0,C2
0.0,1.0,0.0,0.0,0.0,0.0,0.0,0.0,0.0,0.0,1.0,0.0,2.0,0.0,0.0,0.0,1.0,0.0,0.0,0.0,DE
1.0,2.0,0.0,1.0,1.0,1.0,1.0,0.0,1.0,0.0,0.0,0.0,2.0,1.0,0.0,1.0,2.0,0.0,0.0,1.0,B2
1.0,2.0,0.0,0.0,1.0,1.0,1.0,1.0,1.0,0.0,0.0,0.0,2.0,0.0,0.0,0.0,2.0,0.0,0.0,0.0,C1
0.0,1.0,0.0,0.0,1.0,0.0,1.0,0.0,0.0,0.0,0.0,0.0,2.0,0.0,0.0,0.0,1.0,0.0,0.0,0.0,DE
1.0,1.0,0.0,0.0,1.0,0.0,0.0,0.0,1.0,0.0,0.0,0.0,1.0,0.0,0.0,0.0,1.0,0.0,0.0,1.0,DE
1.0,3.0,0.0,0.0,1.0,2.0,1.0,0.0,1.0,0.0,0.0,1.0,2.0,0.0,0.0,0.0,2.0,1.0,0.0,0.0,C1
1.0,3.0,1.0,0.0,1.0,1.0,1.0,0.0,0.0,1.0,0.0,1.0,4.0,0.0,0.0,0.0,3.0,1.0,0.0,1.0,C2
1.0,2.0,1.0,0.0,1.0,1.0,0.0,0.0,1.0,1.0,0.0,0.0,3.0,0.0,0.0,1.0,2.0,1.0,1.0,0.0,B2
0.0,2.0,0.0,0.0,1.0,2.0,1.0,0.0,1.0,1.0,0.0,1.0,3.0,0.0,0.0,0.0,2.0,1.0,0.0,0.0,C1
0.0,1.0,0.0,0.0,0.0,0.0,1.0,0.0,0.0,0.0,0.0,0.0,1.0,0.0,0.0,0.0,1.0,0.0,0.0,0.0,DE
0.0,2.0,0.0,0.0,1.0,0.0,1.0,0.0,1.0,0.0,0.0,0.0,2.0,0.0,1.0,0.0,1.0,0.0,0.0,0.0,C2
1.0,2.0,0.0,0.0,1.0,1.0,0.0,0.0,1.0,0.0,0.0,0.0,3.0,2.0,0.0,0.0,3.0,0.0,1.0,0.0,C1
0.0,5.0,0.0,0.0,1.0,0.0,0.0,0.0,1.0,0.0,0.0,1.0,5.0,0.0,1.0,0.0,3.0,1.0,1.0,0.0,C2
0.0,0.0,0.0,0.0,0.0,0.0,0.0,0.0,0.0,0.0,0.0,0.0,1.0,0.0,0.0,0.0,1.0,0.0,0.0,0.0,DE
0.0,2.0,0.0,0.0,1.0,1.0,0.0,0.0,1.0,0.0,0.0,0.0,4.0,0.0,1.0,1.0,1.0,0.0,0.0,0.0,C2
1.0,3.0,0.0,0.0,1.0,0.0,1.0,0.0,1.0,0.0,0.0,0.0,4.0,0.0,0.0,0.0,1.0,0.0,0.0,0.0,C2
0.0,0.0,0.0,0.0,0.0,0.0,0.0,0.0,0.0,0.0,0.0,0.0,1.0,0.0,0.0,0.0,1.0,0.0,0.0,0.0,DE
0.0,1.0,0.0,0.0,0.0,0.0,0.0,0.0,0.0,0.0,0.0,0.0,1.0,0.0,0.0,0.0,1.0,0.0,0.0,0.0,DE
0.0,1.0,0.0,0.0,0.0,0.0,0.0,0.0,1.0,0.0,0.0,0.0,2.0,0.0,0.0,0.0,1.0,0.0,0.0,0.0,DE
0.0,2.0,0.0,0.0,1.0,0.0,0.0,0.0,0.0,0.0,0.0,0.0,5.0,0.0,0.0,0.0,1.0,1.0,0.0,0.0,C2
0.0,2.0,2.0,1.0,1.0,0.0,1.0,0.0,0.0,1.0,1.0,0.0,5.0,1.0,1.0,0.0,2.0,0.0,0.0,0.0,C2
1.0,2.0,0.0,0.0,1.0,1.0,1.0,0.0,1.0,1.0,0.0,0.0,2.0,2.0,0.0,0.0,1.0,0.0,0.0,0.0,C2
1.0,4.0,0.0,1.0,1.0,2.0,0.0,0.0,1.0,1.0,0.0,1.0,5.0,1.0,0.0,0.0,3.0,1.0,0.0,0.0,B2
1.0,3.0,1.0,0.0,0.0,0.0,1.0,0.0,1.0,0.0,1.0,0.0,4.0,0.0,0.0,0.0,2.0,0.0,0.0,0.0,DE
1.0,4.0,0.0,1.0,1.0,2.0,1.0,0.0,1.0,1.0,0.0,0.0,4.0,1.0,0.0,0.0,3.0,1.0,1.0,0.0,B2
1.0,3.0,0.0,1.0,1.0,1.0,0.0,0.0,1.0,0.0,1.0,0.0,3.0,1.0,1.0,0.0,2.0,0.0,0.0,0.0,B2
1.0,2.0,0.0,0.0,1.0,0.0,0.0,0.0,1.0,0.0,0.0,1.0,3.0,1.0,0.0,0.0,1.0,1.0,0.0,0.0,DE
1.0,2.0,0.0,1.0,1.0,1.0,0.0,0.0,1.0,0.0,0.0,0.0,2.0,1.0,1.0,0.0,1.0,0.0,0.0,0.0,B2
1.0,3.0,1.0,1.0,1.0,2.0,0.0,0.0,1.0,1.0,1.0,1.0,3.0,1.0,0.0,1.0,4.0,1.0,0.0,0.0,B1
1.0,2.0,0.0,1.0,1.0,0.0,0.0,0.0,0.0,1.0,0.0,1.0,3.0,0.0,0.0,0.0,1.0,0.0,0.0,0.0,C1
1.0,2.0,0.0,1.0,1.0,0.0,0.0,0.0,0.0,1.0,0.0,1.0,2.0,0.0,0.0,0.0,1.0,0.0,0.0,0.0,C1
1.0,2.0,0.0,1.0,1.0,2.0,0.0,0.0,0.0,1.0,0.0,0.0,2.0,0.0,0.0,0.0,1.0,0.0,0.0,0.0,B1
0.0,1.0,0.0,0.0,0.0,0.0,0.0,0.0,1.0,0.0,0.0,0.0,5.0,0.0,0.0,0.0,1.0,0.0,0.0,0.0,C2
1.0,0.0,0.0,1.0,1.0,1.0,0.0,0.0,1.0,0.0,0.0,0.0,4.0,1.0,0.0,0.0,2.0,0.0,0.0,0.0,B2
1.0,2.0,0.0,1.0,1.0,1.0,0.0,0.0,1.0,0.0,0.0,1.0,3.0,0.0,0.0,0.0,2.0,1.0,0.0,0.0,B2
1.0,2.0,1.0,1.0,1.0,1.0,0.0,0.0,1.0,0.0,1.0,0.0,3.0,1.0,1.0,0.0,2.0,0.0,0.0,0.0,B2
0.0,2.0,0.0,1.0,1.0,1.0,0.0,0.0,1.0,0.0,1.0,1.0,2.0,1.0,1.0,0.0,1.0,0.0,0.0,0.0,C2
1.0,1.0,0.0,0.0,1.0,1.0,0.0,0.0,1.0,0.0,0.0,0.0,4.0,1.0,0.0,0.0,2.0,0.0,0.0,0.0,C1
1.0,3.0,0.0,0.0,1.0,0.0,0.0,1.0,1.0,1.0,1.0,1.0,4.0,2.0,1.0,0.0,2.0,0.0,0.0,0.0,C1
1.0,4.0,0.0,1.0,1.0,2.0,1.0,0.0,1.0,1.0,0.0,0.0,5.0,1.0,0.0,0.0,3.0,1.0,0.0,0.0,A
1.0,2.0,0.0,1.0,1.0,0.0,0.0,1.0,2.0,0.0,1.0,0.0,2.0,1.0,1.0,1.0,2.0,1.0,1.0,1.0,C1
1.0,3.0,1.0,1.0,1.0,1.0,0.0,0.0,1.0,1.0,1.0,1.0,3.0,1.0,1.0,0.0,3.0,1.0,1.0,1.0,C1
1.0,2.0,1.0,1.0,1.0,2.0,1.0,1.0,1.0,0.0,0.0,1.0,3.0,1.0,0.0,1.0,2.0,1.0,0.0,1.0,B1
1.0,4.0,0.0,0.0,1.0,1.0,1.0,0.0,1.0,0.0,1.0,1.0,4.0,1.0,1.0,1.0,2.0,1.0,0.0,0.0,B2
0.0,1.0,0.0,0.0,0.0,1.0,1.0,0.0,1.0,1.0,0.0,0.0,1.0,1.0,1.0,0.0,1.0,0.0,0.0,0.0,C1
0.0,1.0,0.0,0.0,0.0,0.0,1.0,0.0,0.0,0.0,0.0,0.0,2.0,0.0,0.0,0.0,2.0,0.0,0.0,0.0,DE
1.0,2.0,0.0,0.0,1.0,1.0,0.0,0.0,1.0,0.0,0.0,1.0,2.0,0.0,1.0,1.0,1.0,0.0,1.0,1.0,C1
1.0,1.0,0.0,0.0,0.0,0.0,0.0,0.0,0.0,0.0,0.0,0.0,3.0,0.0,0.0,0.0,1.0,0.0,1.0,0.0,C2
1.0,1.0,0.0,0.0,1.0,1.0,1.0,0.0,1.0,0.0,1.0,0.0,2.0,1.0,1.0,0.0,2.0,1.0,0.0,0.0,B2
0.0,1.0,0.0,0.0,1.0,0.0,1.0,0.0,1.0,0.0,0.0,0.0,1.0,0.0,0.0,0.0,1.0,0.0,0.0,0.0,C2
1.0,4.0,0.0,1.0,1.0,1.0,1.0,0.0,1.0,1.0,0.0,0.0,4.0,1.0,1.0,1.0,2.0,1.0,0.0,1.0,B2
0.0,1.0,0.0,0.0,0.0,0.0,1.0,0.0,0.0,0.0,0.0,0.0,1.0,0.0,0.0,0.0,1.0,0.0,0.0,0.0,DE
1.0,3.0,0.0,0.0,1.0,1.0,1.0,0.0,1.0,1.0,0.0,1.0,4.0,0.0,1.0,0.0,2.0,0.0,0.0,0.0,C1
1.0,3.0,1.0,1.0,1.0,1.0,1.0,0.0,2.0,0.0,1.0,0.0,3.0,1.0,0.0,1.0,2.0,1.0,0.0,1.0,B2
1.0,2.0,0.0,0.0,1.0,2.0,1.0,0.0,1.0,0.0,1.0,4.0,1.0,1.0,0.0,0.0,2.0,1.0,0.0,1.0,B2
1.0,1.0,0.0,0.0,1.0,1.0,0.0,0.0,1.0,0.0,0.0,0.0,1.0,0.0,0.0,0.0,1.0,0.0,1.0,0.0,C1
1.0,1.0,0.0,0.0,1.0,1.0,0.0,0.0,1.0,0.0,0.0,0.0,1.0,1.0,0.0,0.0,1.0,0.0,1.0,0.0,C1
1.0,2.0,0.0,0.0,1.0,2.0,0.0,0.0,1.0,0.0,1.0,0.0,2.0,1.0,0.0,0.0,2.0,0.0,1.0,0.0,B1
1.0,2.0,0.0,0.0,1.0,0.0,0.0,0.0,1.0,0.0,0.0,0.0,4.0,1.0,0.0,0.0,2.0,0.0,1.0,0.0,C2
1.0,2.0,0.0,0.0,1.0,0.0,0.0,0.0,1.0,0.0,0.0,0.0,4.0,1.0,0.0,0.0,2.0,0.0,1.0,0.0,C1
1.0,2.0,0.0,0.0,1.0,0.0,0.0,0.0,2.0,0.0,0.0,0.0,3.0,0.0,0.0,0.0,3.0,0.0,1.0,0.0,B2
0.0,1.0,0.0,0.0,1.0,0.0,0.0,0.0,0.0,0.0,0.0,0.0,1.0,0.0,0.0,0.0,1.0,0.0,1.0,0.0,C2
1.0,2.0,0.0,1.0,1.0,0.0,0.0,0.0,1.0,0.0,0.0,0.0,2.0,0.0,0.0,0.0,1.0,0.0,1.0,0.0,C2
1.0,2.0,0.0,0.0,1.0,1.0,0.0,0.0,1.0,0.0,0.0,0.0,3.0,2.0,0.0,0.0,3.0,0.0,0.0,0.0,C1
0.0,3.0,0.0,1.0,1.0,1.0,0.0,0.0,0.0,1.0,0.0,0.0,4.0,0.0,1.0,1.0,1.0,1.0,1.0,0.0,C2
1.0,2.0,2.0,1.0,1.0,2.0,0.0,1.0,1.0,1.0,1.0,0.0,2.0,2.0,1.0,1.0,3.0,1.0,0.0,0.0,B2
1.0,3.0,2.0,1.0,1.0,2.0,0.0,0.0,1.0,1.0,0.0,0.0,3.0,0.0,0.0,0.0,2.0,1.0,0.0,0.0,B2
1.0,4.0,4.0,1.0,2.0,4.0,0.0,0.0,1.0,1.0,2.0,0.0,4.0,4.0,0.0,1.0,4.0,1.0,0.0,0.0,A
1.0,1.0,0.0,0.0,0.0,1.0,0.0,0.0,1.0,0.0,0.0,0.0,1.0,0.0,0.0,0.0,1.0,0.0,0.0,0.0,C2
1.0,3.0,0.0,0.0,1.0,0.0,0.0,0.0,1.0,0.0,0.0,0.0,3.0,2.0,0.0,0.0,3.0,1.0,0.0,0.0,C2
1.0,1.0,1.0,1.0,1.0,0.0,0.0,0.0,0.0,0.0,1.0,0.0,1.0,0.0,0.0,1.0,1.0,0.0,0.0,0.0,C2
0.0,0.0,0.0,0.0,1.0,0.0,0.0,0.0,0.0,0.0,0.0,0.0,1.0,0.0,0.0,0.0,1.0,0.0,0.0,0.0,C2
1.0,2.0,0.0,0.0,1.0,0.0,0.0,0.0,0.0,0.0,0.0,1.0,3.0,1.0,0.0,0.0,2.0,0.0,1.0,0.0,B2
1.0,2.0,0.0,1.0,1.0,0.0,0.0,0.0,0.0,0.0,0.0,1.0,2.0,0.0,0.0,0.0,1.0,0.0,0.0,0.0,C1
1.0,1.0,1.0,0.0,0.0,1.0,0.0,0.0,0.0,0.0,0.0,0.0,1.0,0.0,0.0,0.0,1.0,0.0,0.0,0.0,C1
0.0,0.0,0.0,0.0,0.0,0.0,0.0,0.0,0.0,0.0,0.0,0.0,1.0,0.0,0.0,0.0,1.0,0.0,0.0,0.0,DE
1.0,3.0,2.0,0.0,1.0,2.0,0.0,0.0,1.0,0.0,0.0,0.0,3.0,0.0,0.0,0.0,2.0,1.0,0.0,0.0,B2
1.0,5.0,1.0,1.0,1.0,0.0,0.0,0.0,1.0,1.0,0.0,1.0,5.0,1.0,0.0,0.0,3.0,1.0,1.0,0.0,B1
1.0,2.0,0.0,1.0,0.0,1.0,0.0,0.0,0.0,0.0,0.0,0.0,3.0,0.0,0.0,0.0,1.0,0.0,0.0,0.0,B2
1.0,0.0,0.0,1.0,1.0,1.0,0.0,0.0,1.0,0.0,0.0,0.0,2.0,0.0,0.0,0.0,2.0,0.0,0.0,0.0,C1
0.0,6.0,0.0,0.0,0.0,0.0,0.0,0.0,1.0,0.0,0.0,0.0,6.0,0.0,0.0,0.0,2.0,0.0,1.0,0.0,C2
1.0,2.0,0.0,0.0,1.0,0.0,0.0,0.0,1.0,0.0,0.0,0.0,5.0,0.0,0.0,0.0,2.0,0.0,0.0,0.0,C1
1.0,3.0,1.0,1.0,1.0,1.0,0.0,0.0,1.0,0.0,0.0,0.0,3.0,0.0,0.0,0.0,2.0,0.0,1.0,0.0,C1
1.0,2.0,0.0,0.0,1.0,0.0,0.0,0.0,1.0,0.0,0.0,0.0,2.0,0.0,0.0,0.0,1.0,0.0,0.0,0.0,C1
0.0,2.0,0.0,0.0,0.0,0.0,0.0,0.0,0.0,0.0,0.0,0.0,2.0,0.0,0.0,0.0,1.0,0.0,0.0,0.0,DE
1.0,2.0,0.0,0.0,0.0,0.0,0.0,0.0,0.0,0.0,0.0,0.0,3.0,0.0,0.0,0.0,1.0,0.0,0.0,0.0,C2
1.0,0.0,0.0,0.0,0.0,0.0,0.0,0.0,1.0,0.0,0.0,0.0,3.0,0.0,0.0,0.0,1.0,0.0,0.0,0.0,B2
1.0,0.0,0.0,1.0,3.0,0.0,0.0,0.0,1.0,0.0,0.0,0.0,4.0,2.0,0.0,0.0,2.0,0.0,0.0,0.0,B1
1.0,0.0,0.0,1.0,3.0,0.0,0.0,0.0,2.0,0.0,0.0,0.0,6.0,3.0,0.0,0.0,2.0,0.0,0.0,0.0,A
0.0,1.0,0.0,0.0,0.0,0.0,1.0,0.0,0.0,0.0,0.0,0.0,2.0,0.0,0.0,0.0,1.0,0.0,0.0,0.0,DE
0.0,1.0,0.0,0.0,0.0,0.0,0.0,0.0,0.0,0.0,0.0,0.0,1.0,0.0,0.0,1.0,1.0,0.0,0.0,0.0,DE
0.0,1.0,0.0,0.0,0.0,0.0,0.0,0.0,0.0,0.0,0.0,0.0,1.0,0.0,0.0,0.0,1.0,0.0,0.0,0.0,DE
1.0,3.0,1.0,0.0,1.0,1.0,0.0,0.0,1.0,0.0,0.0,1.0,3.0,1.0,1.0,0.0,3.0,1.0,1.0,0.0,B2
1.0,3.0,0.0,0.0,1.0,1.0,1.0,0.0,1.0,0.0,0.0,1.0,2.0,1.0,1.0,1.0,2.0,1.0,0.0,0.0,B2
1.0,0.0,0.0,0.0,1.0,0.0,0.0,0.0,0.0,0.0,0.0,0.0,1.0,1.0,0.0,0.0,1.0,0.0,0.0,0.0,DE
1.0,0.0,0.0,0.0,1.0,0.0,1.0,0.0,1.0,0.0,0.0,0.0,5.0,0.0,0.0,0.0,1.0,0.0,0.0,0.0,DE
0.0,2.0,0.0,0.0,0.0,0.0,0.0,0.0,0.0,0.0,0.0,0.0,4.0,0.0,0.0,0.0,1.0,0.0,0.0,0.0,DE
0.0,3.0,0.0,0.0,1.0,0.0,1.0,0.0,0.0,0.0,0.0,0.0,5.0,1.0,0.0,0.0,2.0,0.0,0.0,0.0,DE
0.0,2.0,0.0,0.0,1.0,0.0,1.0,0.0,0.0,0.0,0.0,0.0,3.0,0.0,0.0,0.0,1.0,0.0,0.0,0.0,DE
0.0,4.0,0.0,0.0,1.0,2.0,1.0,1.0,2.0,1.0,0.0,4.0,4.0,1.0,1.0,0.0,3.0,1.0,0.0,0.0,B2
1.0,3.0,0.0,1.0,1.0,2.0,1.0,0.0,2.0,0.0,1.0,0.0,3.0,1.0,1.0,1.0,2.0,1.0,0.0,1.0,A
1.0,1.0,0.0,1.0,1.0,1.0,1.0,0.0,1.0,0.0,1.0,1.0,1.0,1.0,0.0,0.0,1.0,1.0,0.0,1.0,B2
1.0,2.0,0.0,0.0,1.0,1.0,1.0,0.0,0.0,0.0,0.0,0.0,2.0,1.0,0.0,0.0,2.0,0.0,0.0,1.0,C2
1.0,2.0,0.0,1.0,1.0,1.0,1.0,0.0,1.0,1.0,0.0,0.0,2.0,1.0,1.0,0.0,2.0,1.0,0.0,0.0,B2
1.0,2.0,0.0,0.0,1.0,0.0,0.0,0.0,1.0,0.0,0.0,0.0,2.0,0.0,0.0,0.0,1.0,0.0,1.0,0.0,C1
0.0,1.0,0.0,0.0,0.0,0.0,0.0,0.0,0.0,0.0,0.0,0.0,2.0,0.0,0.0,0.0,1.0,0.0,0.0,0.0,DE
0.0,0.0,0.0,0.0,1.0,0.0,0.0,0.0,0.0,0.0,0.0,0.0,2.0,0.0,0.0,0.0,1.0,0.0,0.0,0.0,DE
0.0,1.0,0.0,0.0,1.0,0.0,0.0,0.0,0.0,0.0,0.0,0.0,4.0,0.0,0.0,0.0,1.0,0.0,1.0,0.0,C2
1.0,1.0,0.0,0.0,1.0,0.0,1.0,0.0,1.0,0.0,0.0,0.0,2.0,1.0,1.0,0.0,2.0,0.0,0.0,0.0,C2
0.0,1.0,0.0,0.0,0.0,0.0,1.0,0.0,1.0,0.0,0.0,0.0,1.0,0.0,0.0,0.0,1.0,0.0,0.0,0.0,DE
1.0,2.0,1.0,1.0,1.0,1.0,0.0,1.0,3.0,0.0,1.0,0.0,4.0,2.0,0.0,1.0,3.0,1.0,1.0,0.0,B1
1.0,3.0,0.0,0.0,2.0,2.0,0.0,0.0,1.0,0.0,0.0,0.0,6.0,2.0,0.0,0.0,2.0,0.0,1.0,0.0,B1
1.0,4.0,0.0,1.0,1.0,1.0,0.0,0.0,1.0,0.0,0.0,1.0,4.0,0.0,0.0,0.0,2.0,0.0,1.0,0.0,B2
1.0,2.0,0.0,0.0,1.0,0.0,1.0,0.0,1.0,0.0,0.0,0.0,4.0,0.0,0.0,0.0,1.0,0.0,0.0,0.0,C2
0.0,1.0,0.0,0.0,0.0,0.0,0.0,0.0,0.0,0.0,0.0,0.0,1.0,1.0,0.0,0.0,2.0,0.0,0.0,0.0,DE
1.0,2.0,0.0,1.0,1.0,1.0,0.0,0.0,1.0,0.0,0.0,0.0,2.0,1.0,0.0,0.0,1.0,1.0,1.0,0.0,B2
1.0,2.0,0.0,1.0,1.0,1.0,0.0,0.0,1.0,0.0,0.0,0.0,4.0,1.0,0.0,0.0,2.0,0.0,0.0,0.0,B2
0.0,0.0,0.0,0.0,0.0,0.0,0.0,0.0,0.0,0.0,0.0,0.0,1.0,0.0,0.0,0.0,1.0,0.0,0.0,0.0,DE
0.0,1.0,0.0,0.0,0.0,0.0,0.0,0.0,0.0,0.0,0.0,0.0,2.0,0.0,0.0,0.0,1.0,0.0,0.0,0.0,DE
1.0,2.0,0.0,0.0,0.0,0.0,0.0,0.0,1.0,0.0,0.0,0.0,2.0,1.0,0.0,0.0,1.0,0.0,0.0,0.0,C2
0.0,1.0,0.0,0.0,0.0,0.0,0.0,0.0,0.0,0.0,0.0,0.0,2.0,0.0,0.0,0.0,1.0,0.0,0.0,0.0,DE
0.0,2.0,0.0,0.0,1.0,0.0,0.0,0.0,0.0,0.0,0.0,0.0,2.0,0.0,0.0,0.0,1.0,0.0,0.0,0.0,DE
1.0,2.0,0.0,0.0,1.0,0.0,0.0,0.0,1.0,0.0,0.0,0.0,2.0,0.0,0.0,0.0,2.0,0.0,0.0,0.0,C2
1.0,1.0,0.0,0.0,1.0,0.0,0.0,0.0,1.0,0.0,0.0,0.0,1.0,0.0,0.0,0.0,1.0,0.0,0.0,0.0,C2
1.0,0.0,0.0,0.0,1.0,0.0,0.0,0.0,1.0,0.0,0.0,0.0,2.0,0.0,0.0,0.0,2.0,0.0,0.0,0.0,C2
0.0,1.0,0.0,0.0,0.0,0.0,0.0,0.0,0.0,0.0,0.0,0.0,2.0,0.0,0.0,0.0,1.0,0.0,0.0,0.0,DE
0.0,1.0,0.0,0.0,0.0,0.0,0.0,0.0,0.0,0.0,0.0,0.0,2.0,0.0,0.0,0.0,1.0,0.0,0.0,0.0,DE
1.0,3.0,2.0,0.0,1.0,3.0,0.0,0.0,2.0,0.0,0.0,0.0,3.0,2.0,0.0,0.0,3.0,1.0,0.0,0.0,A
0.0,2.0,0.0,0.0,1.0,0.0,0.0,0.0,0.0,0.0,0.0,0.0,6.0,0.0,0.0,0.0,1.0,0.0,1.0,0.0,DE
1.0,1.0,0.0,1.0,1.0,0.0,0.0,0.0,1.0,1.0,0.0,0.0,6.0,0.0,0.0,0.0,2.0,0.0,1.0,0.0,C1
0.0,2.0,0.0,0.0,1.0,0.0,0.0,0.0,0.0,0.0,0.0,0.0,5.0,0.0,0.0,0.0,2.0,0.0,0.0,0.0,C2
0.0,0.0,0.0,0.0,1.0,0.0,0.0,0.0,0.0,0.0,0.0,0.0,4.0,0.0,0.0,0.0,2.0,0.0,0.0,0.0,DE
1.0,4.0,0.0,0.0,1.0,0.0,0.0,0.0,1.0,1.0,0.0,0.0,4.0,0.0,0.0,0.0,2.0,1.0,1.0,0.0,B2
1.0,3.0,0.0,1.0,1.0,0.0,0.0,0.0,1.0,0.0,0.0,1.0,3.0,1.0,0.0,0.0,2.0,1.0,0.0,0.0,B2
1.0,2.0,0.0,0.0,1.0,0.0,0.0,0.0,1.0,0.0,0.0,0.0,2.0,0.0,0.0,0.0,2.0,1.0,0.0,0.0,C1
1.0,1.0,0.0,0.0,1.0,0.0,0.0,0.0,1.0,0.0,0.0,0.0,2.0,0.0,0.0,0.0,2.0,0.0,0.0,0.0,C1
0.0,3.0,0.0,0.0,1.0,0.0,0.0,0.0,1.0,0.0,0.0,0.0,3.0,0.0,0.0,0.0,2.0,0.0,0.0,0.0,C2
0.0,2.0,0.0,0.0,0.0,0.0,0.0,0.0,0.0,0.0,0.0,0.0,2.0,0.0,0.0,0.0,1.0,0.0,0.0,0.0,DE
1.0,2.0,0.0,0.0,1.0,0.0,0.0,0.0,1.0,0.0,0.0,1.0,2.0,1.0,0.0,0.0,1.0,0.0,0.0,0.0,C1
0.0,1.0,0.0,0.0,0.0,0.0,0.0,0.0,0.0,0.0,0.0,0.0,1.0,0.0,0.0,0.0,1.0,0.0,0.0,0.0,DE
0.0,1.0,0.0,0.0,1.0,0.0,0.0,0.0,0.0,0.0,0.0,0.0,1.0,0.0,0.0,0.0,1.0,0.0,0.0,0.0,C2
0.0,1.0,0.0,0.0,1.0,0.0,0.0,0.0,1.0,0.0,0.0,0.0,2.0,0.0,0.0,0.0,2.0,0.0,0.0,0.0,C2
1.0,1.0,0.0,0.0,1.0,0.0,0.0,0.0,1.0,0.0,0.0,0.0,1.0,0.0,0.0,0.0,1.0,0.0,0.0,0.0,C2
1.0,3.0,0.0,1.0,1.0,1.0,0.0,0.0,1.0,0.0,0.0,0.0,5.0,0.0,0.0,0.0,3.0,0.0,0.0,0.0,B2
2.0,2.0,0.0,1.0,2.0,1.0,0.0,0.0,1.0,1.0,0.0,0.0,4.0,3.0,1.0,1.0,3.0,0.0,0.0,0.0,A
0.0,2.0,0.0,0.0,0.0,0.0,0.0,0.0,0.0,0.0,0.0,0.0,2.0,1.0,0.0,0.0,1.0,0.0,0.0,0.0,DE
1.0,2.0,0.0,1.0,1.0,0.0,0.0,0.0,0.0,0.0,0.0,0.0,3.0,1.0,0.0,0.0,1.0,0.0,0.0,0.0,C1
1.0,2.0,0.0,0.0,1.0,0.0,0.0,0.0,1.0,0.0,0.0,0.0,3.0,2.0,0.0,0.0,2.0,0.0,1.0,0.0,C1
0.0,0.0,0.0,0.0,1.0,0.0,0.0,0.0,0.0,0.0,0.0,0.0,2.0,0.0,0.0,0.0,1.0,0.0,0.0,0.0,DE
1.0,0.0,0.0,1.0,1.0,1.0,0.0,0.0,1.0,0.0,0.0,0.0,6.0,1.0,0.0,0.0,2.0,0.0,0.0,0.0,B2
1.0,2.0,0.0,0.0,1.0,1.0,0.0,0.0,1.0,1.0,0.0,0.0,3.0,0.0,0.0,0.0,2.0,0.0,0.0,0.0,B2
0.0,1.0,0.0,1.0,1.0,0.0,0.0,0.0,0.0,1.0,0.0,0.0,2.0,0.0,0.0,0.0,1.0,0.0,0.0,0.0,C2
1.0,1.0,1.0,0.0,1.0,1.0,1.0,0.0,1.0,0.0,0.0,0.0,4.0,0.0,0.0,0.0,2.0,0.0,0.0,0.0,C1
0.0,2.0,0.0,0.0,0.0,2.0,0.0,0.0,1.0,0.0,0.0,0.0,2.0,0.0,0.0,0.0,2.0,0.0,0.0,0.0,C2
1.0,2.0,0.0,0.0,2.0,2.0,0.0,0.0,1.0,0.0,0.0,0.0,2.0,0.0,0.0,0.0,2.0,0.0,0.0,0.0,B2
0.0,1.0,0.0,0.0,1.0,1.0,0.0,0.0,1.0,0.0,0.0,0.0,1.0,0.0,0.0,0.0,1.0,0.0,0.0,0.0,C1
0.0,1.0,0.0,0.0,1.0,1.0,0.0,0.0,0.0,0.0,0.0,0.0,1.0,0.0,0.0,0.0,1.0,0.0,0.0,0.0,C1
1.0,2.0,0.0,0.0,1.0,1.0,0.0,0.0,1.0,0.0,0.0,0.0,2.0,1.0,0.0,0.0,2.0,1.0,0.0,0.0,B2
1.0,2.0,1.0,0.0,1.0,2.0,0.0,0.0,1.0,0.0,0.0,0.0,3.0,1.0,0.0,0.0,3.0,1.0,0.0,0.0,B2
1.0,2.0,0.0,0.0,1.0,1.0,0.0,0.0,1.0,0.0,0.0,0.0,2.0,0.0,0.0,0.0,2.0,1.0,0.0,0.0,B2
1.0,2.0,1.0,0.0,1.0,2.0,0.0,0.0,1.0,0.0,0.0,0.0,3.0,0.0,0.0,0.0,2.0,1.0,0.0,0.0,B2
1.0,3.0,0.0,0.0,1.0,3.0,0.0,0.0,1.0,0.0,0.0,0.0,3.0,0.0,0.0,0.0,2.0,1.0,0.0,0.0,B2
0.0,1.0,0.0,0.0,1.0,0.0,0.0,0.0,0.0,0.0,0.0,0.0,1.0,0.0,0.0,0.0,1.0,0.0,0.0,0.0,C2
1.0,3.0,0.0,1.0,1.0,1.0,0.0,0.0,0.0,1.0,0.0,1.0,3.0,1.0,1.0,0.0,2.0,1.0,0.0,0.0,B2
1.0,0.0,0.0,1.0,1.0,0.0,0.0,0.0,0.0,1.0,0.0,1.0,2.0,0.0,0.0,0.0,1.0,0.0,0.0,0.0,C2
1.0,1.0,0.0,0.0,1.0,0.0,1.0,0.0,0.0,0.0,0.0,0.0,5.0,2.0,0.0,0.0,2.0,0.0,0.0,0.0,DE
1.0,3.0,0.0,0.0,1.0,0.0,0.0,0.0,3.0,0.0,0.0,0.0,3.0,2.0,1.0,0.0,1.0,0.0,1.0,0.0,C1
1.0,2.0,0.0,0.0,0.0,0.0,1.0,0.0,0.0,0.0,0.0,0.0,4.0,0.0,0.0,0.0,1.0,0.0,0.0,0.0,DE
0.0,0.0,0.0,0.0,0.0,0.0,1.0,0.0,0.0,0.0,0.0,0.0,1.0,0.0,0.0,0.0,1.0,0.0,0.0,0.0,DE
1.0,1.0,0.0,1.0,1.0,0.0,0.0,0.0,1.0,0.0,0.0,0.0,2.0,0.0,0.0,0.0,1.0,0.0,1.0,0.0,C2
0.0,2.0,0.0,0.0,0.0,0.0,1.0,0.0,0.0,0.0,0.0,0.0,3.0,0.0,0.0,0.0,1.0,0.0,0.0,0.0,DE
1.0,2.0,1.0,0.0,0.0,0.0,1.0,0.0,1.0,0.0,0.0,0.0,2.0,0.0,1.0,0.0,1.0,0.0,0.0,0.0,C2
0.0,2.0,1.0,0.0,0.0,1.0,1.0,0.0,0.0,0.0,0.0,0.0,3.0,0.0,0.0,0.0,1.0,0.0,0.0,0.0,C1
0.0,1.0,0.0,0.0,1.0,0.0,1.0,0.0,1.0,1.0,0.0,0.0,2.0,1.0,1.0,0.0,2.0,0.0,0.0,0.0,C1
1.0,2.0,0.0,0.0,1.0,0.0,0.0,1.0,1.0,0.0,0.0,0.0,2.0,1.0,0.0,0.0,1.0,0.0,0.0,0.0,C2
1.0,3.0,1.0,0.0,1.0,1.0,1.0,1.0,1.0,0.0,1.0,1.0,3.0,0.0,1.0,1.0,2.0,1.0,0.0,0.0,B2
1.0,3.0,1.0,0.0,1.0,1.0,0.0,1.0,1.0,1.0,1.0,1.0,3.0,1.0,0.0,0.0,2.0,1.0,1.0,1.0,C1
1.0,4.0,0.0,0.0,1.0,1.0,1.0,0.0,1.0,1.0,1.0,1.0,4.0,1.0,1.0,1.0,2.0,1.0,0.0,1.0,B2
1.0,1.0,0.0,0.0,1.0,1.0,0.0,0.0,1.0,0.0,0.0,1.0,1.0,0.0,0.0,0.0,1.0,0.0,0.0,1.0,C1
1.0,3.0,1.0,0.0,1.0,1.0,1.0,1.0,1.0,0.0,0.0,0.0,3.0,1.0,1.0,0.0,2.0,1.0,0.0,0.0,B2
1.0,2.0,0.0,0.0,1.0,1.0,0.0,0.0,1.0,0.0,0.0,1.0,2.0,1.0,0.0,1.0,2.0,1.0,0.0,1.0,C1
0.0,1.0,0.0,0.0,1.0,0.0,1.0,0.0,0.0,0.0,0.0,0.0,2.0,0.0,0.0,0.0,1.0,0.0,0.0,0.0,DE
1.0,2.0,0.0,1.0,1.0,1.0,0.0,0.0,1.0,0.0,1.0,1.0,2.0,1.0,0.0,0.0,2.0,1.0,1.0,0.0,B2
1.0,4.0,0.0,0.0,1.0,1.0,1.0,1.0,1.0,0.0,0.0,0.0,4.0,1.0,1.0,1.0,2.0,1.0,0.0,1.0,B2
1.0,1.0,0.0,0.0,1.0,1.0,0.0,0.0,1.0,0.0,0.0,0.0,1.0,0.0,0.0,0.0,1.0,0.0,0.0,0.0,C1
1.0,2.0,0.0,0.0,1.0,1.0,0.0,1.0,1.0,1.0,0.0,0.0,2.0,0.0,1.0,1.0,2.0,0.0,1.0,1.0,B2
1.0,3.0,1.0,0.0,1.0,1.0,1.0,1.0,1.0,1.0,1.0,0.0,3.0,1.0,0.0,1.0,3.0,1.0,0.0,1.0,B2
1.0,2.0,0.0,1.0,1.0,0.0,0.0,0.0,0.0,0.0,0.0,0.0,2.0,1.0,0.0,0.0,2.0,0.0,1.0,0.0,C2
1.0,3.0,1.0,1.0,1.0,1.0,0.0,0.0,1.0,1.0,0.0,0.0,5.0,0.0,0.0,0.0,2.0,0.0,0.0,0.0,C1
1.0,2.0,0.0,0.0,1.0,1.0,0.0,0.0,1.0,1.0,0.0,0.0,4.0,0.0,0.0,0.0,1.0,0.0,0.0,0.0,C1
1.0,0.0,0.0,0.0,3.0,1.0,0.0,0.0,1.0,0.0,0.0,1.0,3.0,1.0,0.0,0.0,2.0,0.0,0.0,0.0,B1
1.0,3.0,0.0,1.0,2.0,1.0,0.0,0.0,1.0,0.0,0.0,1.0,5.0,1.0,0.0,1.0,2.0,1.0,0.0,0.0,B2
1.0,2.0,0.0,0.0,1.0,0.0,0.0,0.0,1.0,0.0,0.0,0.0,3.0,0.0,0.0,0.0,2.0,0.0,0.0,0.0,B2
1.0,3.0,1.0,1.0,1.0,1.0,0.0,0.0,1.0,1.0,1.0,0.0,3.0,1.0,1.0,1.0,2.0,0.0,1.0,0.0,A
2.0,2.0,0.0,0.0,2.0,0.0,0.0,0.0,2.0,0.0,0.0,0.0,4.0,3.0,0.0,0.0,3.0,0.0,0.0,0.0,A
1.0,3.0,1.0,1.0,1.0,1.0,0.0,0.0,1.0,1.0,0.0,1.0,4.0,1.0,1.0,1.0,2.0,1.0,0.0,1.0,A
1.0,4.0,0.0,1.0,1.0,0.0,1.0,0.0,1.0,1.0,0.0,1.0,5.0,1.0,1.0,1.0,2.0,1.0,2.0,0.0,C1
1.0,2.0,0.0,0.0,1.0,1.0,0.0,0.0,1.0,0.0,0.0,0.0,2.0,0.0,0.0,0.0,2.0,1.0,0.0,0.0,C1
1.0,3.0,0.0,0.0,1.0,1.0,0.0,0.0,1.0,0.0,0.0,0.0,3.0,0.0,0.0,0.0,3.0,1.0,0.0,0.0,B2
1.0,3.0,2.0,1.0,1.0,2.0,0.0,0.0,1.0,1.0,0.0,0.0,2.0,2.0,0.0,1.0,2.0,1.0,0.0,0.0,B1
1.0,3.0,2.0,0.0,1.0,3.0,0.0,0.0,1.0,0.0,0.0,0.0,3.0,3.0,0.0,1.0,3.0,1.0,1.0,0.0,B1
1.0,3.0,0.0,1.0,1.0,0.0,0.0,0.0,1.0,1.0,0.0,0.0,4.0,0.0,0.0,0.0,3.0,0.0,0.0,0.0,B2
1.0,2.0,0.0,0.0,1.0,0.0,0.0,0.0,1.0,0.0,0.0,0.0,2.0,1.0,0.0,0.0,1.0,1.0,0.0,0.0,B2
1.0,1.0,1.0,0.0,1.0,1.0,0.0,0.0,1.0,0.0,0.0,0.0,1.0,1.0,0.0,1.0,2.0,1.0,0.0,0.0,B2
1.0,3.0,0.0,1.0,1.0,0.0,0.0,0.0,1.0,1.0,0.0,0.0,3.0,1.0,0.0,0.0,2.0,0.0,0.0,0.0,B2
1.0,3.0,0.0,0.0,1.0,0.0,0.0,0.0,1.0,0.0,0.0,0.0,3.0,0.0,0.0,0.0,2.0,0.0,1.0,0.0,C1
1.0,3.0,1.0,0.0,1.0,3.0,0.0,0.0,1.0,0.0,0.0,0.0,3.0,1.0,0.0,0.0,2.0,0.0,0.0,0.0,B1
0.0,3.0,0.0,0.0,1.0,1.0,0.0,0.0,1.0,0.0,0.0,0.0,4.0,2.0,0.0,0.0,1.0,1.0,0.0,0.0,C1
1.0,2.0,0.0,1.0,1.0,1.0,1.0,0.0,2.0,0.0,1.0,0.0,3.0,1.0,0.0,0.0,1.0,1.0,0.0,0.0,C1
0.0,2.0,0.0,0.0,1.0,1.0,0.0,0.0,2.0,0.0,0.0,0.0,3.0,1.0,0.0,0.0,2.0,1.0,1.0,1.0,B2
1.0,2.0,0.0,0.0,1.0,1.0,1.0,0.0,1.0,0.0,0.0,0.0,2.0,1.0,0.0,0.0,1.0,1.0,0.0,1.0,C1
1.0,3.0,0.0,0.0,1.0,2.0,1.0,0.0,1.0,0.0,1.0,1.0,4.0,0.0,0.0,0.0,2.0,1.0,0.0,1.0,B2
1.0,2.0,0.0,1.0,1.0,1.0,0.0,0.0,1.0,1.0,1.0,3.0,3.0,1.0,0.0,0.0,2.0,1.0,0.0,1.0,C1
1.0,2.0,0.0,0.0,1.0,1.0,1.0,0.0,1.0,1.0,0.0,1.0,2.0,0.0,0.0,0.0,2.0,1.0,0.0,1.0,C1
1.0,1.0,0.0,0.0,1.0,0.0,1.0,0.0,1.0,0.0,0.0,0.0,1.0,1.0,0.0,0.0,1.0,0.0,0.0,1.0,C1
1.0,2.0,1.0,0.0,1.0,0.0,1.0,0.0,1.0,0.0,1.0,0.0,2.0,1.0,0.0,0.0,2.0,1.0,0.0,1.0,C1
1.0,2.0,0.0,0.0,1.0,1.0,1.0,0.0,1.0,2.0,0.0,0.0,2.0,1.0,0.0,0.0,1.0,1.0,0.0,1.0,C1
1.0,3.0,0.0,1.0,1.0,1.0,1.0,0.0,1.0,0.0,0.0,0.0,3.0,1.0,0.0,0.0,2.0,1.0,0.0,0.0,C1
1.0,2.0,0.0,0.0,1.0,2.0,1.0,0.0,2.0,0.0,1.0,0.0,2.0,1.0,0.0,0.0,1.0,1.0,0.0,0.0,B2
1.0,3.0,1.0,0.0,1.0,0.0,0.0,0.0,1.0,0.0,1.0,0.0,3.0,0.0,1.0,0.0,2.0,1.0,0.0,0.0,B2
1.0,3.0,0.0,0.0,1.0,0.0,1.0,0.0,1.0,0.0,0.0,0.0,4.0,0.0,0.0,0.0,2.0,0.0,0.0,0.0,B2
0.0,1.0,0.0,0.0,0.0,0.0,1.0,0.0,0.0,0.0,0.0,0.0,1.0,0.0,0.0,0.0,1.0,0.0,0.0,0.0,C2
1.0,3.0,1.0,0.0,1.0,0.0,0.0,0.0,1.0,0.0,0.0,0.0,3.0,1.0,0.0,0.0,2.0,1.0,0.0,0.0,B2
0.0,2.0,0.0,0.0,1.0,1.0,0.0,0.0,1.0,1.0,1.0,0.0,2.0,0.0,0.0,0.0,2.0,0.0,0.0,1.0,B2
1.0,2.0,0.0,0.0,1.0,1.0,0.0,1.0,2.0,0.0,0.0,0.0,2.0,1.0,0.0,0.0,2.0,0.0,0.0,1.0,B2
1.0,3.0,0.0,0.0,1.0,1.0,0.0,1.0,1.0,1.0,0.0,0.0,4.0,1.0,0.0,0.0,2.0,1.0,1.0,0.0,C1
1.0,3.0,0.0,0.0,1.0,1.0,0.0,0.0,1.0,0.0,0.0,0.0,2.0,1.0,0.0,0.0,2.0,1.0,0.0,0.0,B2
1.0,2.0,0.0,0.0,1.0,1.0,0.0,0.0,1.0,0.0,0.0,0.0,2.0,1.0,0.0,0.0,2.0,1.0,0.0,0.0,B2
1.0,3.0,0.0,1.0,1.0,0.0,0.0,0.0,1.0,0.0,0.0,0.0,3.0,0.0,0.0,0.0,2.0,1.0,0.0,0.0,B2
1.0,4.0,0.0,1.0,1.0,1.0,1.0,0.0,1.0,0.0,0.0,0.0,4.0,1.0,0.0,0.0,2.0,1.0,1.0,0.0,B2
1.0,3.0,1.0,0.0,1.0,1.0,0.0,0.0,1.0,0.0,0.0,0.0,3.0,1.0,0.0,0.0,2.0,1.0,0.0,0.0,B2
1.0,2.0,0.0,0.0,1.0,2.0,0.0,0.0,1.0,0.0,0.0,0.0,2.0,1.0,0.0,0.0,2.0,1.0,0.0,0.0,B1
1.0,2.0,0.0,0.0,1.0,2.0,0.0,0.0,1.0,0.0,0.0,0.0,2.0,1.0,0.0,0.0,2.0,1.0,0.0,0.0,B2
1.0,2.0,0.0,1.0,1.0,0.0,1.0,0.0,1.0,1.0,0.0,0.0,3.0,1.0,0.0,0.0,2.0,0.0,1.0,0.0,B2
1.0,2.0,0.0,1.0,1.0,1.0,0.0,0.0,1.0,0.0,0.0,0.0,3.0,1.0,0.0,0.0,3.0,0.0,1.0,0.0,A
1.0,1.0,0.0,0.0,1.0,1.0,0.0,0.0,1.0,0.0,0.0,0.0,1.0,1.0,0.0,0.0,2.0,1.0,0.0,0.0,B2
1.0,3.0,0.0,0.0,1.0,1.0,0.0,0.0,1.0,1.0,0.0,0.0,4.0,0.0,0.0,0.0,2.0,1.0,0.0,0.0,B2
1.0,2.0,0.0,0.0,1.0,1.0,0.0,0.0,1.0,0.0,0.0,0.0,2.0,3.0,0.0,0.0,2.0,1.0,0.0,0.0,C1
0.0,3.0,0.0,1.0,1.0,0.0,0.0,0.0,0.0,1.0,0.0,0.0,4.0,0.0,0.0,0.0,2.0,0.0,0.0,0.0,C1
1.0,3.0,1.0,0.0,1.0,3.0,0.0,0.0,1.0,0.0,0.0,0.0,3.0,2.0,0.0,1.0,3.0,1.0,0.0,0.0,A
1.0,2.0,0.0,0.0,1.0,0.0,0.0,0.0,1.0,0.0,0.0,0.0,2.0,0.0,0.0,0.0,1.0,0.0,1.0,0.0,C2
1.0,3.0,0.0,0.0,1.0,0.0,0.0,0.0,0.0,0.0,0.0,0.0,9.0,0.0,0.0,0.0,2.0,0.0,1.0,0.0,C1
1.0,3.0,0.0,1.0,1.0,1.0,0.0,0.0,1.0,0.0,0.0,0.0,3.0,2.0,0.0,0.0,2.0,0.0,1.0,0.0,B2
1.0,3.0,0.0,1.0,1.0,1.0,0.0,0.0,1.0,0.0,0.0,0.0,5.0,0.0,0.0,0.0,2.0,0.0,1.0,0.0,C1
1.0,1.0,0.0,0.0,0.0,0.0,1.0,0.0,0.0,0.0,0.0,0.0,2.0,0.0,0.0,0.0,1.0,0.0,0.0,0.0,DE
0.0,4.0,0.0,1.0,1.0,2.0,0.0,0.0,1.0,1.0,1.0,1.0,6.0,0.0,1.0,0.0,2.0,1.0,1.0,0.0,B2
0.0,4.0,0.0,0.0,1.0,1.0,1.0,0.0,1.0,0.0,0.0,0.0,4.0,0.0,1.0,1.0,1.0,1.0,0.0,0.0,C2
1.0,3.0,0.0,0.0,1.0,0.0,0.0,0.0,1.0,0.0,0.0,0.0,4.0,0.0,0.0,0.0,1.0,0.0,1.0,0.0,C2
0.0,1.0,0.0,0.0,1.0,0.0,0.0,0.0,1.0,0.0,1.0,0.0,2.0,0.0,0.0,0.0,1.0,0.0,1.0,0.0,DE
1.0,3.0,0.0,0.0,1.0,1.0,1.0,0.0,1.0,0.0,0.0,0.0,3.0,0.0,0.0,1.0,1.0,0.0,0.0,0.0,C1
1.0,5.0,0.0,1.0,1.0,0.0,0.0,0.0,1.0,1.0,0.0,0.0,5.0,0.0,1.0,1.0,2.0,1.0,0.0,0.0,B2
0.0,1.0,0.0,0.0,1.0,0.0,1.0,0.0,1.0,0.0,0.0,0.0,3.0,0.0,0.0,0.0,1.0,0.0,0.0,1.0,C2
1.0,2.0,0.0,0.0,1.0,1.0,0.0,0.0,1.0,0.0,1.0,0.0,2.0,1.0,0.0,0.0,1.0,1.0,1.0,0.0,B2
1.0,2.0,0.0,1.0,1.0,1.0,1.0,0.0,1.0,0.0,0.0,0.0,3.0,1.0,0.0,0.0,1.0,1.0,0.0,1.0,C1
1.0,3.0,0.0,0.0,1.0,2.0,1.0,0.0,2.0,0.0,1.0,0.0,4.0,2.0,1.0,1.0,2.0,0.0,0.0,0.0,B1
1.0,2.0,1.0,1.0,1.0,1.0,1.0,1.0,2.0,1.0,1.0,0.0,3.0,1.0,0.0,0.0,2.0,1.0,0.0,1.0,B2
1.0,1.0,0.0,0.0,1.0,0.0,1.0,0.0,1.0,0.0,0.0,0.0,3.0,0.0,0.0,0.0,2.0,0.0,0.0,0.0,C2
1.0,2.0,1.0,0.0,1.0,1.0,0.0,0.0,1.0,0.0,1.0,0.0,4.0,2.0,0.0,0.0,2.0,1.0,1.0,0.0,B2
0.0,2.0,0.0,0.0,0.0,0.0,1.0,0.0,1.0,0.0,0.0,0.0,6.0,0.0,0.0,0.0,1.0,0.0,0.0,0.0,C2
0.0,1.0,0.0,0.0,0.0,0.0,1.0,0.0,1.0,0.0,0.0,0.0,2.0,0.0,0.0,0.0,1.0,0.0,0.0,0.0,C2
0.0,0.0,0.0,1.0,0.0,0.0,1.0,0.0,1.0,0.0,0.0,0.0,2.0,0.0,0.0,0.0,1.0,0.0,0.0,0.0,C2
0.0,2.0,0.0,0.0,1.0,0.0,1.0,0.0,0.0,0.0,0.0,0.0,3.0,0.0,0.0,0.0,1.0,0.0,0.0,0.0,DE
0.0,2.0,0.0,0.0,1.0,1.0,1.0,0.0,1.0,0.0,0.0,0.0,2.0,1.0,0.0,0.0,1.0,1.0,0.0,0.0,C2
1.0,2.0,0.0,0.0,1.0,0.0,0.0,1.0,0.0,0.0,0.0,0.0,2.0,1.0,0.0,1.0,1.0,0.0,1.0,1.0,C2
1.0,3.0,0.0,1.0,1.0,2.0,1.0,1.0,2.0,0.0,1.0,1.0,3.0,1.0,0.0,0.0,3.0,1.0,0.0,1.0,B1
1.0,4.0,0.0,1.0,1.0,2.0,1.0,1.0,2.0,1.0,1.0,1.0,4.0,2.0,0.0,1.0,3.0,1.0,0.0,1.0,B1
1.0,3.0,0.0,1.0,1.0,1.0,1.0,0.0,1.0,1.0,0.0,0.0,3.0,1.0,0.0,1.0,2.0,1.0,0.0,0.0,A
1.0,2.0,0.0,0.0,1.0,1.0,0.0,0.0,1.0,0.0,0.0,0.0,2.0,1.0,0.0,0.0,2.0,1.0,0.0,0.0,B1
1.0,4.0,1.0,0.0,1.0,1.0,1.0,1.0,1.0,0.0,0.0,0.0,5.0,1.0,0.0,1.0,2.0,1.0,0.0,0.0,B2
1.0,1.0,0.0,1.0,1.0,1.0,1.0,0.0,1.0,0.0,0.0,0.0,1.0,0.0,0.0,0.0,1.0,0.0,0.0,0.0,B2
1.0,1.0,0.0,0.0,1.0,1.0,0.0,0.0,1.0,0.0,0.0,0.0,1.0,1.0,0.0,0.0,1.0,0.0,0.0,0.0,B2
1.0,2.0,0.0,1.0,1.0,1.0,0.0,0.0,1.0,0.0,0.0,0.0,2.0,1.0,0.0,0.0,1.0,1.0,0.0,0.0,B1
1.0,3.0,0.0,0.0,1.0,1.0,0.0,0.0,1.0,0.0,0.0,0.0,3.0,1.0,0.0,0.0,2.0,1.0,0.0,0.0,B2
1.0,0.0,0.0,1.0,1.0,0.0,1.0,0.0,1.0,0.0,0.0,0.0,4.0,1.0,0.0,0.0,1.0,1.0,1.0,0.0,B1
1.0,2.0,0.0,0.0,1.0,1.0,0.0,0.0,1.0,0.0,0.0,0.0,2.0,1.0,0.0,0.0,2.0,1.0,0.0,0.0,B2
1.0,1.0,0.0,0.0,1.0,1.0,0.0,0.0,1.0,0.0,0.0,0.0,1.0,1.0,0.0,0.0,1.0,0.0,0.0,0.0,B2
1.0,3.0,0.0,0.0,1.0,1.0,1.0,0.0,1.0,1.0,0.0,1.0,4.0,1.0,0.0,0.0,2.0,1.0,0.0,1.0,B2
1.0,4.0,1.0,0.0,1.0,1.0,1.0,0.0,1.0,1.0,0.0,0.0,4.0,0.0,0.0,0.0,2.0,0.0,0.0,1.0,C1
0.0,2.0,1.0,0.0,0.0,0.0,0.0,0.0,1.0,0.0,0.0,0.0,2.0,1.0,0.0,0.0,1.0,0.0,0.0,0.0,C2
1.0,2.0,1.0,0.0,1.0,0.0,1.0,1.0,1.0,0.0,0.0,0.0,2.0,1.0,0.0,0.0,2.0,0.0,0.0,0.0,C1
1.0,2.0,0.0,1.0,1.0,0.0,1.0,0.0,1.0,1.0,0.0,0.0,2.0,1.0,0.0,0.0,2.0,0.0,0.0,1.0,C2
0.0,3.0,1.0,0.0,1.0,0.0,1.0,0.0,0.0,0.0,0.0,0.0,3.0,0.0,0.0,0.0,2.0,0.0,0.0,1.0,DE
1.0,3.0,0.0,0.0,1.0,0.0,0.0,0.0,1.0,0.0,1.0,0.0,3.0,1.0,1.0,0.0,1.0,0.0,1.0,0.0,C2
1.0,3.0,1.0,0.0,1.0,0.0,1.0,0.0,1.0,1.0,1.0,0.0,4.0,0.0,0.0,1.0,2.0,0.0,0.0,1.0,C2
0.0,1.0,0.0,0.0,1.0,0.0,1.0,0.0,0.0,0.0,0.0,0.0,2.0,0.0,0.0,0.0,1.0,0.0,0.0,0.0,DE
0.0,2.0,0.0,0.0,1.0,0.0,1.0,0.0,0.0,0.0,0.0,0.0,2.0,0.0,1.0,1.0,1.0,0.0,0.0,0.0,C1
1.0,4.0,1.0,0.0,1.0,1.0,1.0,0.0,3.0,1.0,0.0,0.0,4.0,3.0,1.0,1.0,3.0,0.0,0.0,0.0,B2
1.0,2.0,0.0,0.0,1.0,0.0,0.0,0.0,0.0,1.0,0.0,0.0,2.0,0.0,0.0,0.0,1.0,0.0,0.0,0.0,C2
0.0,2.0,0.0,0.0,0.0,0.0,0.0,0.0,0.0,0.0,0.0,0.0,2.0,0.0,0.0,1.0,1.0,0.0,0.0,1.0,DE
1.0,4.0,0.0,1.0,1.0,1.0,1.0,1.0,2.0,0.0,1.0,1.0,4.0,2.0,1.0,1.0,2.0,1.0,0.0,1.0,B2
1.0,3.0,1.0,0.0,1.0,0.0,1.0,0.0,1.0,0.0,0.0,0.0,3.0,0.0,1.0,0.0,1.0,0.0,0.0,1.0,C2
0.0,2.0,0.0,0.0,1.0,0.0,0.0,0.0,1.0,0.0,0.0,0.0,2.0,0.0,1.0,0.0,1.0,0.0,1.0,0.0,C2
1.0,2.0,0.0,0.0,1.0,1.0,0.0,0.0,1.0,0.0,0.0,0.0,2.0,1.0,0.0,0.0,1.0,0.0,1.0,0.0,B2
0.0,2.0,0.0,0.0,0.0,0.0,1.0,0.0,1.0,0.0,0.0,0.0,2.0,1.0,0.0,1.0,1.0,0.0,0.0,0.0,DE
0.0,2.0,0.0,0.0,1.0,1.0,0.0,0.0,1.0,0.0,1.0,0.0,2.0,2.0,0.0,0.0,1.0,0.0,1.0,0.0,C1
1.0,4.0,0.0,1.0,1.0,1.0,0.0,0.0,1.0,0.0,0.0,0.0,4.0,2.0,1.0,1.0,1.0,1.0,1.0,0.0,B2
1.0,2.0,0.0,1.0,1.0,1.0,0.0,0.0,1.0,0.0,1.0,0.0,2.0,1.0,1.0,1.0,1.0,1.0,1.0,0.0,B2
0.0,1.0,0.0,1.0,1.0,1.0,1.0,0.0,1.0,0.0,1.0,0.0,2.0,1.0,1.0,1.0,1.0,1.0,0.0,0.0,C1
1.0,2.0,0.0,0.0,1.0,1.0,1.0,1.0,1.0,0.0,3.0,1.0,2.0,1.0,0.0,1.0,3.0,2.0,0.0,1.0,B2
1.0,2.0,0.0,0.0,1.0,1.0,0.0,0.0,2.0,0.0,0.0,0.0,3.0,0.0,0.0,0.0,1.0,1.0,1.0,0.0,B2
0.0,1.0,0.0,0.0,1.0,0.0,0.0,0.0,1.0,0.0,0.0,0.0,1.0,0.0,0.0,0.0,1.0,0.0,1.0,0.0,C2
1.0,1.0,0.0,0.0,1.0,0.0,0.0,0.0,1.0,0.0,0.0,0.0,2.0,1.0,0.0,0.0,2.0,1.0,0.0,0.0,B2
0.0,1.0,0.0,0.0,1.0,0.0,1.0,0.0,1.0,0.0,1.0,0.0,1.0,0.0,0.0,0.0,2.0,0.0,0.0,0.0,DE
1.0,1.0,0.0,0.0,1.0,0.0,0.0,0.0,1.0,0.0,0.0,0.0,1.0,1.0,0.0,1.0,2.0,0.0,1.0,0.0,C2
0.0,3.0,0.0,0.0,1.0,0.0,1.0,0.0,0.0,0.0,0.0,0.0,4.0,0.0,0.0,0.0,1.0,1.0,0.0,0.0,C2
1.0,3.0,0.0,1.0,1.0,0.0,0.0,0.0,1.0,0.0,1.0,0.0,3.0,2.0,1.0,1.0,2.0,0.0,1.0,0.0,B2
0.0,1.0,0.0,1.0,1.0,0.0,1.0,0.0,1.0,1.0,0.0,0.0,1.0,0.0,1.0,1.0,2.0,0.0,0.0,0.0,C2
1.0,1.0,0.0,1.0,1.0,0.0,0.0,0.0,2.0,0.0,0.0,1.0,1.0,1.0,1.0,1.0,2.0,1.0,1.0,0.0,C1
0.0,0.0,0.0,0.0,1.0,0.0,1.0,0.0,1.0,0.0,0.0,0.0,1.0,0.0,0.0,0.0,1.0,0.0,0.0,0.0,DE
1.0,1.0,0.0,0.0,1.0,0.0,0.0,0.0,1.0,0.0,0.0,0.0,1.0,1.0,0.0,0.0,1.0,0.0,0.0,0.0,B2
1.0,1.0,0.0,0.0,1.0,1.0,0.0,0.0,1.0,0.0,0.0,0.0,1.0,1.0,0.0,0.0,1.0,0.0,0.0,0.0,B1
1.0,1.0,0.0,0.0,1.0,1.0,0.0,0.0,1.0,0.0,0.0,0.0,1.0,1.0,0.0,0.0,1.0,1.0,0.0,0.0,B1
1.0,2.0,0.0,0.0,1.0,2.0,0.0,0.0,1.0,0.0,0.0,0.0,2.0,1.0,0.0,0.0,2.0,1.0,0.0,0.0,A
1.0,1.0,0.0,1.0,1.0,0.0,1.0,0.0,1.0,0.0,0.0,0.0,1.0,1.0,0.0,0.0,1.0,0.0,0.0,0.0,B2
1.0,2.0,0.0,1.0,1.0,1.0,1.0,0.0,1.0,1.0,0.0,0.0,2.0,1.0,0.0,1.0,1.0,0.0,0.0,0.0,B1
1.0,4.0,0.0,1.0,1.0,1.0,0.0,1.0,1.0,1.0,0.0,0.0,4.0,1.0,0.0,0.0,2.0,1.0,1.0,0.0,B1
1.0,4.0,1.0,1.0,1.0,1.0,1.0,0.0,1.0,1.0,0.0,0.0,4.0,1.0,0.0,0.0,2.0,1.0,0.0,0.0,B1
1.0,4.0,1.0,1.0,1.0,1.0,2.0,1.0,1.0,0.0,0.0,0.0,5.0,0.0,0.0,0.0,2.0,1.0,0.0,0.0,A
1.0,2.0,0.0,0.0,1.0,1.0,1.0,0.0,2.0,0.0,1.0,0.0,3.0,1.0,1.0,1.0,2.0,1.0,0.0,1.0,B2
1.0,2.0,1.0,1.0,1.0,1.0,1.0,0.0,2.0,0.0,0.0,0.0,3.0,0.0,0.0,0.0,2.0,1.0,0.0,1.0,C1
0.0,3.0,0.0,0.0,1.0,1.0,1.0,0.0,1.0,0.0,1.0,0.0,4.0,0.0,1.0,1.0,2.0,1.0,1.0,1.0,C1
1.0,2.0,0.0,1.0,1.0,0.0,0.0,0.0,2.0,1.0,1.0,0.0,3.0,1.0,1.0,1.0,3.0,1.0,1.0,1.0,C1
0.0,1.0,0.0,0.0,0.0,0.0,0.0,0.0,1.0,0.0,0.0,0.0,2.0,0.0,0.0,0.0,1.0,0.0,0.0,0.0,DE
0.0,3.0,0.0,1.0,1.0,1.0,1.0,0.0,1.0,1.0,2.0,0.0,4.0,1.0,0.0,0.0,3.0,1.0,0.0,1.0,C1
1.0,2.0,1.0,0.0,1.0,1.0,0.0,0.0,1.0,1.0,1.0,0.0,3.0,1.0,1.0,0.0,2.0,0.0,1.0,1.0,C1
1.0,2.0,0.0,0.0,0.0,0.0,1.0,0.0,2.0,0.0,1.0,0.0,4.0,1.0,0.0,1.0,1.0,1.0,0.0,0.0,C2
0.0,2.0,0.0,1.0,1.0,0.0,0.0,0.0,1.0,0.0,0.0,0.0,5.0,0.0,0.0,0.0,1.0,0.0,0.0,0.0,C2
0.0,3.0,1.0,1.0,1.0,2.0,1.0,1.0,1.0,1.0,1.0,0.0,4.0,1.0,0.0,1.0,2.0,1.0,0.0,1.0,B2
0.0,2.0,0.0,0.0,1.0,0.0,1.0,0.0,1.0,0.0,0.0,0.0,4.0,0.0,0.0,0.0,1.0,0.0,0.0,0.0,C2
1.0,2.0,0.0,0.0,1.0,1.0,1.0,0.0,1.0,1.0,1.0,0.0,2.0,1.0,1.0,0.0,1.0,1.0,0.0,0.0,B2
1.0,2.0,1.0,0.0,1.0,1.0,1.0,0.0,2.0,0.0,1.0,0.0,3.0,1.0,1.0,1.0,2.0,1.0,0.0,1.0,B2
0.0,2.0,1.0,1.0,1.0,1.0,1.0,0.0,2.0,0.0,0.0,0.0,5.0,1.0,1.0,0.0,2.0,1.0,0.0,0.0,C1
1.0,2.0,0.0,1.0,1.0,0.0,0.0,0.0,1.0,0.0,0.0,0.0,3.0,0.0,0.0,0.0,1.0,0.0,1.0,1.0,C2
1.0,1.0,0.0,0.0,1.0,0.0,0.0,0.0,1.0,0.0,0.0,0.0,1.0,1.0,0.0,0.0,1.0,0.0,0.0,0.0,B2
1.0,2.0,0.0,0.0,1.0,2.0,0.0,0.0,1.0,0.0,0.0,0.0,2.0,1.0,0.0,0.0,2.0,1.0,0.0,0.0,B2
1.0,1.0,0.0,0.0,1.0,1.0,0.0,0.0,1.0,0.0,0.0,0.0,1.0,1.0,0.0,0.0,2.0,0.0,0.0,0.0,B2
1.0,2.0,0.0,0.0,1.0,2.0,0.0,0.0,1.0,0.0,0.0,0.0,2.0,1.0,0.0,0.0,2.0,1.0,0.0,0.0,B1
1.0,0.0,0.0,0.0,0.0,0.0,0.0,0.0,1.0,0.0,0.0,0.0,1.0,1.0,0.0,0.0,1.0,0.0,0.0,0.0,B2
1.0,4.0,1.0,1.0,1.0,1.0,1.0,0.0,1.0,0.0,0.0,0.0,4.0,1.0,0.0,0.0,2.0,1.0,0.0,0.0,B1
1.0,3.0,0.0,1.0,1.0,0.0,1.0,1.0,1.0,1.0,1.0,0.0,4.0,0.0,0.0,1.0,2.0,1.0,1.0,0.0,B1
1.0,2.0,0.0,0.0,1.0,1.0,1.0,0.0,1.0,0.0,0.0,0.0,3.0,1.0,0.0,0.0,2.0,1.0,0.0,0.0,B1
1.0,4.0,1.0,1.0,1.0,1.0,0.0,0.0,1.0,0.0,0.0,0.0,5.0,1.0,0.0,1.0,2.0,1.0,1.0,0.0,B1
1.0,1.0,0.0,0.0,1.0,0.0,0.0,0.0,0.0,0.0,0.0,0.0,4.0,0.0,0.0,0.0,1.0,0.0,0.0,0.0,C1
1.0,4.0,0.0,0.0,1.0,3.0,0.0,0.0,1.0,0.0,0.0,0.0,4.0,2.0,0.0,0.0,3.0,1.0,0.0,0.0,B1
1.0,0.0,0.0,0.0,1.0,0.0,0.0,0.0,1.0,0.0,0.0,0.0,1.0,0.0,0.0,0.0,1.0,0.0,0.0,0.0,C1
0.0,1.0,0.0,0.0,1.0,0.0,0.0,0.0,1.0,0.0,0.0,0.0,2.0,0.0,0.0,0.0,2.0,0.0,0.0,0.0,C2
1.0,2.0,0.0,0.0,1.0,2.0,0.0,0.0,1.0,0.0,0.0,0.0,2.0,2.0,0.0,0.0,2.0,1.0,0.0,0.0,A
1.0,2.0,0.0,0.0,1.0,0.0,0.0,0.0,1.0,0.0,0.0,0.0,2.0,1.0,0.0,0.0,2.0,0.0,0.0,0.0,B1
1.0,3.0,1.0,1.0,1.0,1.0,0.0,0.0,1.0,1.0,0.0,0.0,5.0,1.0,0.0,0.0,2.0,1.0,1.0,0.0,C1
1.0,2.0,1.0,1.0,1.0,2.0,0.0,0.0,1.0,1.0,0.0,0.0,4.0,0.0,0.0,0.0,2.0,1.0,0.0,0.0,B1
1.0,2.0,0.0,0.0,1.0,0.0,0.0,0.0,1.0,1.0,0.0,0.0,3.0,0.0,0.0,0.0,2.0,1.0,1.0,0.0,B2
1.0,0.0,0.0,1.0,1.0,0.0,1.0,0.0,1.0,0.0,0.0,0.0,2.0,1.0,0.0,0.0,1.0,0.0,0.0,0.0,C1
1.0,3.0,0.0,1.0,1.0,1.0,2.0,0.0,1.0,1.0,0.0,0.0,4.0,1.0,0.0,0.0,2.0,1.0,0.0,0.0,B2
1.0,2.0,0.0,0.0,1.0,1.0,0.0,0.0,1.0,0.0,0.0,0.0,2.0,1.0,0.0,0.0,2.0,1.0,0.0,0.0,B2
1.0,1.0,0.0,0.0,1.0,0.0,0.0,0.0,1.0,0.0,0.0,0.0,1.0,1.0,0.0,0.0,1.0,0.0,0.0,0.0,B2
1.0,1.0,0.0,0.0,1.0,1.0,0.0,0.0,1.0,0.0,0.0,0.0,1.0,1.0,0.0,0.0,1.0,0.0,0.0,0.0,C1
1.0,1.0,0.0,0.0,1.0,0.0,0.0,0.0,1.0,0.0,0.0,0.0,1.0,1.0,0.0,0.0,1.0,0.0,0.0,0.0,B2
1.0,4.0,0.0,0.0,1.0,2.0,0.0,0.0,1.0,0.0,0.0,0.0,4.0,1.0,0.0,0.0,3.0,1.0,0.0,0.0,B2
0.0,1.0,0.0,0.0,0.0,0.0,0.0,0.0,0.0,0.0,0.0,0.0,2.0,0.0,0.0,0.0,1.0,0.0,1.0,0.0,DE
0.0,1.0,0.0,0.0,0.0,0.0,0.0,0.0,0.0,0.0,0.0,0.0,1.0,0.0,0.0,0.0,1.0,0.0,0.0,0.0,DE
1.0,2.0,0.0,0.0,1.0,1.0,0.0,1.0,1.0,0.0,1.0,4.0,3.0,1.0,1.0,0.0,2.0,1.0,1.0,1.0,C1
0.0,2.0,0.0,0.0,1.0,0.0,1.0,0.0,2.0,0.0,0.0,0.0,4.0,0.0,0.0,0.0,1.0,0.0,0.0,0.0,C2
0.0,3.0,0.0,0.0,1.0,0.0,1.0,0.0,2.0,1.0,0.0,0.0,6.0,0.0,1.0,1.0,1.0,0.0,0.0,0.0,C2
0.0,1.0,0.0,0.0,0.0,0.0,0.0,0.0,0.0,0.0,0.0,0.0,3.0,0.0,0.0,0.0,1.0,0.0,0.0,0.0,DE
1.0,1.0,0.0,0.0,1.0,0.0,0.0,0.0,1.0,0.0,1.0,0.0,1.0,1.0,0.0,0.0,1.0,0.0,1.0,0.0,C2
0.0,2.0,0.0,0.0,1.0,0.0,0.0,0.0,1.0,1.0,0.0,0.0,2.0,0.0,1.0,1.0,1.0,0.0,1.0,0.0,C2
0.0,1.0,0.0,0.0,1.0,0.0,0.0,0.0,1.0,0.0,0.0,0.0,4.0,1.0,1.0,0.0,1.0,0.0,1.0,0.0,C2
0.0,0.0,0.0,0.0,1.0,0.0,1.0,0.0,2.0,0.0,0.0,0.0,2.0,1.0,0.0,0.0,2.0,0.0,0.0,0.0,C2
0.0,1.0,0.0,0.0,1.0,0.0,1.0,0.0,1.0,0.0,0.0,0.0,1.0,0.0,0.0,0.0,2.0,0.0,0.0,0.0,C2
0.0,1.0,0.0,0.0,1.0,0.0,0.0,0.0,0.0,0.0,0.0,0.0,2.0,0.0,0.0,0.0,1.0,0.0,0.0,0.0,DE
1.0,4.0,1.0,1.0,1.0,1.0,0.0,0.0,1.0,0.0,0.0,0.0,4.0,1.0,0.0,1.0,2.0,1.0,2.0,0.0,A
1.0,4.0,1.0,1.0,1.0,0.0,0.0,0.0,1.0,1.0,0.0,0.0,5.0,1.0,0.0,1.0,2.0,1.0,0.0,0.0,C1
1.0,1.0,0.0,1.0,1.0,2.0,1.0,0.0,0.0,0.0,0.0,0.0,1.0,1.0,0.0,0.0,2.0,0.0,0.0,0.0,C1
1.0,3.0,0.0,1.0,1.0,1.0,1.0,0.0,1.0,0.0,0.0,0.0,3.0,1.0,0.0,0.0,2.0,0.0,2.0,0.0,B1
1.0,1.0,0.0,1.0,1.0,1.0,0.0,0.0,1.0,1.0,0.0,0.0,2.0,1.0,0.0,0.0,2.0,0.0,1.0,0.0,B1
1.0,2.0,0.0,0.0,1.0,1.0,1.0,1.0,1.0,1.0,1.0,2.0,2.0,1.0,1.0,0.0,2.0,0.0,0.0,1.0,C1
1.0,3.0,1.0,1.0,1.0,1.0,1.0,0.0,1.0,1.0,1.0,3.0,3.0,1.0,1.0,0.0,2.0,1.0,0.0,1.0,B2
1.0,3.0,0.0,0.0,1.0,0.0,0.0,1.0,1.0,0.0,1.0,1.0,3.0,1.0,1.0,0.0,1.0,0.0,1.0,1.0,C1
0.0,3.0,1.0,0.0,1.0,1.0,1.0,0.0,2.0,1.0,1.0,0.0,5.0,0.0,0.0,1.0,2.0,1.0,0.0,1.0,C1
1.0,2.0,0.0,1.0,0.0,1.0,1.0,0.0,1.0,1.0,1.0,0.0,2.0,1.0,1.0,1.0,2.0,1.0,0.0,1.0,C1
0.0,1.0,0.0,0.0,1.0,1.0,1.0,0.0,1.0,0.0,0.0,1.0,1.0,1.0,0.0,0.0,1.0,1.0,0.0,1.0,C1
0.0,2.0,0.0,0.0,0.0,0.0,1.0,0.0,1.0,0.0,0.0,0.0,3.0,0.0,0.0,0.0,1.0,0.0,0.0,1.0,DE
1.0,2.0,0.0,1.0,1.0,1.0,1.0,0.0,1.0,0.0,1.0,0.0,2.0,0.0,1.0,1.0,1.0,0.0,0.0,1.0,C1
1.0,2.0,1.0,1.0,1.0,1.0,1.0,0.0,1.0,1.0,1.0,1.0,2.0,1.0,1.0,0.0,2.0,1.0,0.0,1.0,B2
0.0,2.0,0.0,0.0,1.0,1.0,1.0,1.0,2.0,0.0,1.0,0.0,4.0,0.0,0.0,0.0,2.0,1.0,0.0,1.0,B2
0.0,2.0,2.0,1.0,1.0,2.0,1.0,1.0,1.0,1.0,0.0,0.0,4.0,2.0,1.0,1.0,2.0,1.0,0.0,1.0,B1
1.0,2.0,1.0,0.0,1.0,1.0,1.0,0.0,1.0,1.0,1.0,1.0,3.0,1.0,1.0,1.0,2.0,1.0,0.0,1.0,C1
1.0,4.0,1.0,1.0,1.0,1.0,0.0,1.0,1.0,0.0,1.0,1.0,4.0,2.0,1.0,0.0,3.0,1.0,0.0,1.0,B2
1.0,3.0,0.0,1.0,1.0,0.0,1.0,0.0,2.0,1.0,1.0,0.0,3.0,0.0,1.0,1.0,1.0,1.0,0.0,1.0,C1
1.0,4.0,0.0,0.0,0.0,1.0,1.0,0.0,1.0,0.0,0.0,0.0,5.0,0.0,1.0,1.0,2.0,1.0,0.0,1.0,C1
1.0,2.0,0.0,1.0,1.0,1.0,1.0,1.0,1.0,1.0,1.0,1.0,2.0,1.0,1.0,1.0,3.0,1.0,0.0,1.0,B2
1.0,1.0,0.0,0.0,1.0,0.0,0.0,0.0,1.0,0.0,0.0,0.0,1.0,1.0,0.0,0.0,1.0,0.0,0.0,0.0,C1
1.0,1.0,0.0,0.0,1.0,1.0,0.0,0.0,1.0,0.0,0.0,0.0,1.0,1.0,0.0,0.0,2.0,1.0,0.0,0.0,B2
1.0,2.0,0.0,0.0,1.0,2.0,0.0,0.0,1.0,0.0,0.0,0.0,2.0,1.0,0.0,0.0,2.0,1.0,0.0,0.0,B1
0.0,1.0,0.0,1.0,0.0,0.0,1.0,0.0,1.0,0.0,0.0,0.0,2.0,0.0,1.0,1.0,1.0,0.0,0.0,0.0,DE
0.0,2.0,0.0,0.0,1.0,1.0,1.0,0.0,0.0,0.0,0.0,0.0,2.0,0.0,0.0,0.0,2.0,1.0,0.0,0.0,C2
1.0,1.0,0.0,0.0,0.0,0.0,1.0,0.0,0.0,0.0,0.0,0.0,4.0,0.0,0.0,0.0,1.0,0.0,0.0,0.0,DE
1.0,1.0,0.0,0.0,1.0,0.0,0.0,0.0,1.0,0.0,0.0,0.0,2.0,0.0,0.0,0.0,1.0,0.0,1.0,0.0,C1
1.0,2.0,1.0,0.0,1.0,0.0,0.0,0.0,1.0,0.0,0.0,0.0,3.0,0.0,0.0,0.0,1.0,0.0,1.0,0.0,C2
1.0,2.0,0.0,1.0,1.0,0.0,1.0,1.0,1.0,0.0,0.0,0.0,2.0,0.0,1.0,1.0,2.0,0.0,0.0,0.0,C1
1.0,4.0,1.0,0.0,1.0,0.0,0.0,0.0,1.0,0.0,0.0,0.0,6.0,1.0,1.0,1.0,2.0,0.0,1.0,0.0,C1
1.0,4.0,0.0,0.0,1.0,4.0,0.0,0.0,1.0,0.0,0.0,0.0,4.0,1.0,0.0,0.0,2.0,1.0,0.0,0.0,A
1.0,1.0,0.0,0.0,1.0,1.0,0.0,0.0,1.0,0.0,0.0,0.0,1.0,1.0,0.0,0.0,2.0,0.0,0.0,0.0,B2
1.0,2.0,0.0,1.0,1.0,2.0,0.0,0.0,1.0,0.0,0.0,0.0,2.0,2.0,1.0,1.0,2.0,1.0,0.0,0.0,B1
1.0,1.0,0.0,0.0,1.0,1.0,0.0,0.0,1.0,0.0,0.0,0.0,1.0,1.0,0.0,0.0,1.0,1.0,0.0,0.0,B1
1.0,1.0,0.0,0.0,1.0,1.0,0.0,0.0,1.0,0.0,0.0,0.0,1.0,1.0,0.0,1.0,1.0,1.0,0.0,0.0,B1
1.0,2.0,0.0,0.0,1.0,1.0,0.0,0.0,1.0,0.0,0.0,0.0,1.0,1.0,0.0,1.0,2.0,1.0,0.0,0.0,C1
1.0,1.0,0.0,0.0,1.0,1.0,0.0,0.0,1.0,0.0,0.0,0.0,1.0,1.0,1.0,1.0,2.0,1.0,0.0,0.0,B1
1.0,0.0,0.0,0.0,1.0,0.0,1.0,0.0,1.0,0.0,0.0,0.0,4.0,1.0,0.0,1.0,2.0,0.0,0.0,1.0,C2
1.0,3.0,0.0,0.0,1.0,1.0,1.0,1.0,1.0,1.0,1.0,1.0,4.0,1.0,1.0,0.0,3.0,0.0,0.0,1.0,B2
0.0,1.0,0.0,3.0,1.0,0.0,0.0,0.0,1.0,1.0,0.0,0.0,2.0,0.0,0.0,0.0,1.0,0.0,1.0,1.0,C2
0.0,2.0,0.0,0.0,0.0,0.0,0.0,0.0,0.0,0.0,0.0,0.0,3.0,0.0,0.0,0.0,1.0,0.0,0.0,0.0,DE
0.0,2.0,0.0,0.0,1.0,0.0,1.0,0.0,0.0,0.0,0.0,0.0,2.0,0.0,0.0,0.0,2.0,0.0,0.0,0.0,DE
0.0,2.0,0.0,0.0,1.0,1.0,0.0,1.0,1.0,0.0,0.0,1.0,3.0,1.0,0.0,0.0,2.0,1.0,1.0,1.0,C1
1.0,2.0,0.0,0.0,1.0,0.0,1.0,0.0,1.0,0.0,0.0,0.0,1.0,0.0,0.0,0.0,2.0,0.0,0.0,0.0,C2
0.0,2.0,1.0,0.0,1.0,1.0,1.0,0.0,1.0,1.0,1.0,1.0,3.0,0.0,0.0,0.0,2.0,1.0,0.0,0.0,C2
1.0,2.0,0.0,0.0,1.0,1.0,1.0,1.0,1.0,1.0,1.0,1.0,2.0,1.0,1.0,1.0,2.0,1.0,1.0,1.0,B2
1.0,3.0,1.0,1.0,1.0,1.0,1.0,0.0,1.0,0.0,0.0,1.0,4.0,1.0,1.0,0.0,2.0,1.0,0.0,1.0,B2
1.0,2.0,0.0,0.0,1.0,1.0,1.0,0.0,1.0,0.0,1.0,0.0,2.0,0.0,0.0,0.0,2.0,1.0,0.0,1.0,C1
0.0,1.0,0.0,0.0,1.0,0.0,1.0,0.0,1.0,1.0,0.0,0.0,2.0,0.0,0.0,0.0,1.0,0.0,0.0,1.0,C2
0.0,3.0,1.0,0.0,1.0,0.0,1.0,0.0,1.0,1.0,1.0,0.0,3.0,1.0,0.0,0.0,2.0,0.0,0.0,1.0,C2
0.0,2.0,0.0,0.0,0.0,0.0,1.0,0.0,1.0,0.0,0.0,0.0,5.0,0.0,0.0,0.0,1.0,0.0,0.0,0.0,DE
1.0,2.0,0.0,1.0,1.0,1.0,1.0,0.0,1.0,1.0,0.0,0.0,4.0,1.0,1.0,1.0,3.0,1.0,0.0,0.0,C1
1.0,2.0,0.0,0.0,0.0,1.0,1.0,0.0,1.0,0.0,1.0,0.0,3.0,0.0,0.0,1.0,2.0,0.0,0.0,0.0,C2
0.0,2.0,0.0,0.0,1.0,0.0,1.0,1.0,1.0,0.0,1.0,0.0,2.0,0.0,0.0,0.0,1.0,0.0,0.0,1.0,C1
1.0,2.0,0.0,1.0,1.0,1.0,1.0,0.0,1.0,1.0,0.0,0.0,3.0,1.0,1.0,1.0,1.0,1.0,0.0,0.0,B2
1.0,3.0,0.0,1.0,1.0,1.0,1.0,0.0,2.0,0.0,0.0,0.0,3.0,1.0,0.0,0.0,2.0,1.0,0.0,1.0,C1
1.0,0.0,0.0,1.0,1.0,1.0,0.0,1.0,1.0,1.0,1.0,0.0,4.0,1.0,1.0,1.0,2.0,1.0,1.0,1.0,C1
1.0,2.0,0.0,0.0,1.0,0.0,1.0,0.0,1.0,0.0,1.0,0.0,3.0,1.0,1.0,1.0,1.0,0.0,0.0,0.0,C2
0.0,1.0,0.0,0.0,0.0,0.0,1.0,0.0,1.0,0.0,0.0,0.0,3.0,0.0,0.0,0.0,1.0,0.0,0.0,0.0,C2
1.0,2.0,0.0,1.0,1.0,1.0,1.0,1.0,2.0,1.0,0.0,0.0,3.0,0.0,1.0,1.0,2.0,1.0,0.0,0.0,C1
0.0,2.0,0.0,1.0,1.0,0.0,1.0,0.0,1.0,1.0,0.0,0.0,3.0,1.0,0.0,0.0,1.0,0.0,0.0,1.0,C2
0.0,3.0,0.0,0.0,1.0,1.0,1.0,0.0,1.0,0.0,0.0,0.0,4.0,0.0,0.0,0.0,2.0,0.0,0.0,0.0,C2
1.0,2.0,0.0,0.0,1.0,1.0,1.0,0.0,2.0,0.0,0.0,0.0,2.0,1.0,1.0,0.0,2.0,1.0,0.0,1.0,C1
1.0,2.0,1.0,1.0,1.0,1.0,1.0,0.0,1.0,1.0,1.0,1.0,3.0,1.0,1.0,0.0,2.0,0.0,0.0,1.0,B2
0.0,4.0,0.0,1.0,0.0,1.0,0.0,1.0,2.0,1.0,1.0,0.0,4.0,1.0,0.0,1.0,2.0,1.0,1.0,1.0,C1
1.0,3.0,0.0,1.0,1.0,0.0,1.0,0.0,1.0,0.0,1.0,0.0,3.0,1.0,0.0,0.0,2.0,0.0,0.0,1.0,C1
1.0,3.0,0.0,1.0,1.0,1.0,1.0,1.0,2.0,2.0,1.0,0.0,4.0,1.0,1.0,2.0,3.0,1.0,0.0,0.0,B2
0.0,2.0,0.0,0.0,1.0,0.0,1.0,0.0,1.0,0.0,1.0,0.0,2.0,1.0,1.0,1.0,2.0,0.0,0.0,1.0,C2
1.0,2.0,0.0,1.0,0.0,1.0,0.0,0.0,1.0,1.0,0.0,0.0,3.0,1.0,0.0,0.0,2.0,1.0,1.0,0.0,B1
1.0,5.0,1.0,1.0,1.0,1.0,0.0,0.0,0.0,0.0,0.0,0.0,5.0,1.0,0.0,0.0,3.0,1.0,0.0,0.0,B1
1.0,4.0,1.0,1.0,1.0,2.0,2.0,0.0,1.0,0.0,0.0,0.0,4.0,1.0,0.0,0.0,2.0,1.0,0.0,0.0,A
1.0,2.0,0.0,0.0,1.0,1.0,1.0,0.0,1.0,0.0,0.0,0.0,2.0,0.0,0.0,1.0,1.0,0.0,0.0,0.0,B1
1.0,1.0,0.0,1.0,0.0,0.0,1.0,0.0,1.0,1.0,0.0,0.0,2.0,1.0,0.0,0.0,2.0,0.0,0.0,0.0,C1
1.0,0.0,1.0,1.0,1.0,1.0,2.0,0.0,1.0,0.0,0.0,0.0,3.0,1.0,1.0,1.0,2.0,0.0,1.0,0.0,A
1.0,3.0,0.0,1.0,1.0,1.0,1.0,0.0,1.0,0.0,0.0,0.0,3.0,1.0,1.0,0.0,2.0,1.0,0.0,0.0,A
1.0,5.0,1.0,0.0,1.0,2.0,1.0,1.0,1.0,0.0,0.0,1.0,5.0,1.0,1.0,0.0,3.0,1.0,1.0,0.0,A
1.0,0.0,1.0,0.0,1.0,1.0,1.0,0.0,0.0,0.0,1.0,0.0,1.0,1.0,0.0,1.0,1.0,1.0,0.0,0.0,B2
1.0,3.0,0.0,1.0,1.0,1.0,1.0,0.0,1.0,0.0,1.0,0.0,4.0,0.0,1.0,1.0,2.0,0.0,0.0,1.0,C2
0.0,2.0,0.0,0.0,0.0,0.0,1.0,0.0,1.0,1.0,1.0,0.0,2.0,1.0,1.0,1.0,1.0,1.0,0.0,1.0,C2
0.0,0.0,0.0,0.0,0.0,0.0,0.0,0.0,1.0,0.0,0.0,0.0,2.0,0.0,0.0,0.0,1.0,0.0,1.0,0.0,DE
0.0,1.0,0.0,0.0,0.0,0.0,0.0,0.0,1.0,0.0,0.0,0.0,3.0,0.0,0.0,0.0,1.0,0.0,0.0,0.0,DE
0.0,2.0,0.0,1.0,1.0,0.0,1.0,0.0,1.0,0.0,1.0,0.0,4.0,0.0,0.0,1.0,2.0,0.0,0.0,0.0,C2
0.0,3.0,0.0,1.0,1.0,1.0,1.0,1.0,1.0,0.0,2.0,1.0,3.0,2.0,0.0,1.0,2.0,0.0,0.0,1.0,B2
0.0,2.0,0.0,1.0,1.0,1.0,1.0,1.0,1.0,0.0,1.0,0.0,2.0,1.0,0.0,1.0,1.0,0.0,0.0,1.0,B2
0.0,3.0,0.0,1.0,0.0,1.0,1.0,1.0,1.0,1.0,2.0,0.0,3.0,1.0,1.0,1.0,3.0,1.0,0.0,0.0,B2
1.0,2.0,1.0,1.0,1.0,2.0,1.0,1.0,1.0,1.0,2.0,0.0,3.0,1.0,1.0,1.0,2.0,1.0,0.0,1.0,B1
1.0,2.0,2.0,1.0,1.0,2.0,1.0,1.0,1.0,1.0,1.0,0.0,4.0,2.0,1.0,1.0,2.0,1.0,0.0,1.0,A
1.0,2.0,0.0,0.0,1.0,2.0,3.0,1.0,1.0,1.0,1.0,0.0,2.0,2.0,1.0,1.0,2.0,0.0,0.0,1.0,A
1.0,2.0,0.0,1.0,1.0,1.0,1.0,1.0,1.0,1.0,1.0,0.0,3.0,1.0,2.0,2.0,2.0,1.0,0.0,0.0,B2
0.0,2.0,1.0,0.0,1.0,2.0,1.0,0.0,2.0,0.0,2.0,0.0,4.0,2.0,1.0,1.0,2.0,1.0,0.0,1.0,C1
1.0,2.0,0.0,0.0,1.0,2.0,1.0,0.0,1.0,1.0,1.0,0.0,2.0,1.0,1.0,0.0,1.0,0.0,0.0,1.0,B2
1.0,2.0,1.0,1.0,0.0,1.0,1.0,1.0,1.0,0.0,1.0,0.0,3.0,1.0,0.0,1.0,2.0,1.0,0.0,0.0,C1
0.0,1.0,0.0,1.0,1.0,1.0,0.0,1.0,1.0,1.0,0.0,1.0,1.0,1.0,1.0,0.0,2.0,1.0,1.0,1.0,C1
0.0,2.0,0.0,1.0,1.0,1.0,1.0,0.0,2.0,1.0,1.0,1.0,3.0,1.0,0.0,1.0,2.0,1.0,0.0,1.0,B2
0.0,1.0,0.0,0.0,1.0,1.0,1.0,1.0,1.0,0.0,0.0,1.0,1.0,1.0,1.0,1.0,2.0,1.0,0.0,1.0,C1
0.0,1.0,1.0,1.0,1.0,0.0,0.0,1.0,1.0,1.0,0.0,0.0,1.0,1.0,0.0,0.0,2.0,0.0,1.0,1.0,C1
1.0,2.0,0.0,1.0,1.0,1.0,0.0,1.0,1.0,0.0,0.0,1.0,2.0,2.0,1.0,0.0,3.0,1.0,0.0,1.0,C1
0.0,1.0,0.0,1.0,1.0,1.0,0.0,1.0,1.0,1.0,1.0,1.0,1.0,1.0,0.0,1.0,2.0,1.0,1.0,1.0,B2
0.0,1.0,0.0,1.0,1.0,1.0,0.0,1.0,1.0,0.0,1.0,1.0,1.0,1.0,0.0,0.0,2.0,1.0,1.0,1.0,C1
1.0,2.0,0.0,0.0,1.0,2.0,0.0,1.0,1.0,0.0,0.0,0.0,3.0,2.0,1.0,1.0,3.0,1.0,0.0,1.0,A
1.0,2.0,0.0,0.0,1.0,2.0,0.0,1.0,2.0,1.0,1.0,1.0,2.0,2.0,1.0,1.0,3.0,1.0,1.0,1.0,B1
1.0,3.0,1.0,1.0,1.0,2.0,0.0,0.0,1.0,1.0,1.0,1.0,3.0,2.0,1.0,1.0,3.0,1.0,1.0,1.0,B2
0.0,2.0,0.0,0.0,0.0,0.0,1.0,0.0,0.0,0.0,0.0,0.0,4.0,0.0,0.0,0.0,1.0,0.0,0.0,0.0,DE
0.0,1.0,0.0,0.0,0.0,0.0,0.0,0.0,0.0,0.0,0.0,0.0,2.0,0.0,0.0,0.0,1.0,0.0,1.0,0.0,DE
1.0,3.0,0.0,1.0,1.0,1.0,1.0,1.0,1.0,1.0,1.0,1.0,4.0,0.0,0.0,0.0,2.0,1.0,0.0,1.0,C1
0.0,2.0,1.0,0.0,1.0,1.0,1.0,0.0,1.0,0.0,0.0,1.0,2.0,0.0,0.0,0.0,2.0,1.0,0.0,1.0,C2
1.0,3.0,1.0,0.0,1.0,1.0,0.0,1.0,1.0,0.0,1.0,1.0,3.0,1.0,1.0,0.0,2.0,1.0,1.0,1.0,C1
1.0,2.0,1.0,1.0,1.0,0.0,0.0,1.0,1.0,0.0,1.0,0.0,4.0,2.0,1.0,1.0,2.0,0.0,1.0,0.0,C1
1.0,2.0,0.0,1.0,1.0,1.0,1.0,0.0,1.0,1.0,0.0,0.0,2.0,1.0,0.0,0.0,1.0,0.0,0.0,0.0,B2
1.0,5.0,0.0,1.0,1.0,2.0,0.0,1.0,2.0,1.0,1.0,0.0,5.0,3.0,1.0,1.0,2.0,0.0,1.0,0.0,A
1.0,3.0,0.0,0.0,1.0,1.0,0.0,0.0,1.0,0.0,1.0,0.0,3.0,0.0,0.0,1.0,1.0,0.0,1.0,0.0,B2
1.0,3.0,0.0,0.0,1.0,2.0,0.0,0.0,1.0,0.0,0.0,0.0,3.0,0.0,1.0,1.0,1.0,0.0,1.0,0.0,B2
0.0,1.0,0.0,0.0,0.0,0.0,0.0,0.0,1.0,0.0,0.0,0.0,1.0,0.0,0.0,0.0,1.0,0.0,1.0,0.0,DE
1.0,2.0,0.0,0.0,1.0,2.0,0.0,0.0,1.0,0.0,0.0,0.0,3.0,0.0,0.0,0.0,1.0,0.0,1.0,0.0,B2
1.0,1.0,0.0,0.0,1.0,0.0,0.0,0.0,1.0,0.0,0.0,0.0,1.0,0.0,0.0,0.0,1.0,0.0,1.0,0.0,C2
1.0,4.0,0.0,1.0,1.0,1.0,1.0,0.0,1.0,1.0,0.0,0.0,4.0,2.0,1.0,0.0,2.0,0.0,0.0,0.0,C1
1.0,4.0,0.0,1.0,1.0,1.0,0.0,0.0,1.0,0.0,0.0,0.0,6.0,1.0,1.0,1.0,2.0,1.0,1.0,0.0,B1
0.0,2.0,0.0,0.0,1.0,0.0,0.0,0.0,1.0,0.0,0.0,0.0,2.0,1.0,0.0,0.0,1.0,0.0,1.0,0.0,C2
1.0,4.0,1.0,1.0,1.0,2.0,0.0,0.0,1.0,0.0,0.0,0.0,5.0,0.0,0.0,1.0,2.0,0.0,1.0,0.0,B2
1.0,2.0,0.0,1.0,1.0,1.0,0.0,1.0,1.0,0.0,0.0,0.0,3.0,1.0,1.0,1.0,1.0,1.0,1.0,0.0,C1
1.0,4.0,0.0,1.0,0.0,0.0,0.0,0.0,0.0,1.0,0.0,1.0,4.0,1.0,1.0,0.0,1.0,0.0,1.0,0.0,C2
1.0,2.0,0.0,1.0,1.0,0.0,0.0,0.0,1.0,0.0,0.0,0.0,2.0,0.0,1.0,1.0,1.0,0.0,1.0,0.0,C2
1.0,3.0,0.0,1.0,1.0,2.0,1.0,0.0,1.0,0.0,0.0,0.0,3.0,2.0,0.0,1.0,1.0,1.0,1.0,0.0,B2
1.0,2.0,0.0,1.0,1.0,1.0,0.0,0.0,1.0,0.0,0.0,0.0,2.0,0.0,1.0,1.0,1.0,0.0,1.0,0.0,C1
1.0,1.0,0.0,0.0,1.0,0.0,0.0,0.0,1.0,0.0,0.0,0.0,1.0,0.0,0.0,0.0,1.0,0.0,1.0,0.0,C2
1.0,2.0,0.0,0.0,1.0,0.0,0.0,0.0,1.0,0.0,0.0,0.0,2.0,1.0,0.0,0.0,2.0,0.0,0.0,0.0,C2
1.0,2.0,0.0,0.0,1.0,0.0,1.0,0.0,1.0,0.0,0.0,0.0,2.0,1.0,0.0,0.0,2.0,0.0,0.0,0.0,C2
0.0,1.0,0.0,0.0,1.0,0.0,0.0,0.0,0.0,0.0,0.0,0.0,3.0,0.0,0.0,0.0,1.0,0.0,1.0,0.0,C2
0.0,1.0,0.0,0.0,0.0,0.0,1.0,0.0,0.0,0.0,0.0,0.0,2.0,0.0,0.0,0.0,1.0,0.0,0.0,0.0,DE
0.0,1.0,0.0,1.0,1.0,0.0,1.0,0.0,1.0,0.0,0.0,0.0,2.0,0.0,1.0,0.0,1.0,0.0,0.0,0.0,C2
0.0,1.0,0.0,0.0,0.0,0.0,1.0,0.0,0.0,1.0,0.0,0.0,2.0,0.0,0.0,0.0,1.0,0.0,0.0,0.0,DE
0.0,2.0,1.0,0.0,1.0,0.0,1.0,0.0,0.0,0.0,0.0,0.0,3.0,0.0,1.0,0.0,1.0,0.0,0.0,1.0,DE
0.0,1.0,0.0,0.0,1.0,0.0,0.0,0.0,0.0,1.0,0.0,0.0,2.0,0.0,0.0,1.0,1.0,0.0,0.0,1.0,DE
0.0,2.0,0.0,0.0,1.0,1.0,1.0,0.0,1.0,0.0,1.0,0.0,2.0,0.0,1.0,0.0,2.0,0.0,0.0,1.0,C1
0.0,1.0,1.0,0.0,1.0,0.0,1.0,0.0,0.0,0.0,0.0,0.0,3.0,0.0,0.0,0.0,1.0,0.0,0.0,1.0,C2
1.0,2.0,0.0,1.0,1.0,1.0,1.0,0.0,1.0,0.0,1.0,0.0,2.0,0.0,1.0,0.0,1.0,1.0,0.0,1.0,C1
1.0,2.0,0.0,1.0,1.0,1.0,1.0,0.0,2.0,1.0,0.0,0.0,4.0,1.0,1.0,0.0,2.0,1.0,0.0,0.0,C1
0.0,1.0,0.0,0.0,0.0,0.0,1.0,0.0,1.0,0.0,0.0,0.0,3.0,0.0,0.0,0.0,1.0,0.0,0.0,0.0,DE
0.0,2.0,0.0,0.0,1.0,0.0,1.0,0.0,1.0,0.0,0.0,0.0,3.0,0.0,1.0,0.0,2.0,0.0,0.0,0.0,C2
0.0,3.0,0.0,0.0,1.0,1.0,1.0,0.0,1.0,0.0,0.0,0.0,5.0,0.0,1.0,1.0,2.0,0.0,0.0,1.0,C2
1.0,3.0,0.0,1.0,1.0,0.0,0.0,0.0,1.0,0.0,1.0,0.0,3.0,0.0,0.0,1.0,1.0,0.0,1.0,0.0,C2
0.0,2.0,1.0,0.0,1.0,0.0,1.0,0.0,1.0,0.0,0.0,0.0,5.0,0.0,0.0,0.0,2.0,0.0,0.0,0.0,C2
0.0,2.0,0.0,0.0,1.0,0.0,0.0,0.0,1.0,1.0,0.0,0.0,2.0,0.0,1.0,0.0,1.0,0.0,1.0,1.0,C2
0.0,2.0,0.0,0.0,0.0,0.0,0.0,0.0,1.0,0.0,0.0,0.0,4.0,0.0,0.0,0.0,1.0,0.0,1.0,0.0,DE
0.0,1.0,0.0,1.0,0.0,0.0,0.0,0.0,1.0,0.0,0.0,0.0,2.0,0.0,0.0,0.0,1.0,0.0,0.0,0.0,DE
0.0,1.0,0.0,0.0,1.0,0.0,0.0,0.0,1.0,0.0,0.0,0.0,2.0,0.0,0.0,0.0,1.0,0.0,1.0,0.0,DE
0.0,2.0,1.0,0.0,1.0,1.0,1.0,0.0,1.0,1.0,0.0,0.0,3.0,1.0,1.0,0.0,2.0,1.0,0.0,1.0,C1
1.0,2.0,1.0,0.0,1.0,1.0,0.0,1.0,1.0,0.0,0.0,0.0,2.0,0.0,0.0,0.0,1.0,0.0,1.0,1.0,C1
1.0,2.0,1.0,1.0,1.0,0.0,0.0,0.0,1.0,1.0,0.0,0.0,3.0,0.0,1.0,0.0,1.0,0.0,1.0,1.0,C1
1.0,2.0,0.0,0.0,1.0,1.0,0.0,0.0,1.0,0.0,0.0,0.0,2.0,0.0,0.0,0.0,1.0,0.0,1.0,0.0,B2
1.0,2.0,0.0,0.0,1.0,0.0,0.0,0.0,1.0,0.0,0.0,0.0,3.0,0.0,0.0,0.0,1.0,0.0,1.0,0.0,C2
1.0,4.0,0.0,1.0,1.0,2.0,0.0,0.0,1.0,0.0,0.0,0.0,4.0,2.0,1.0,1.0,1.0,0.0,0.0,0.0,B2
1.0,2.0,0.0,1.0,1.0,0.0,1.0,0.0,1.0,0.0,0.0,0.0,3.0,0.0,1.0,0.0,1.0,0.0,0.0,0.0,C1
1.0,2.0,0.0,0.0,1.0,1.0,0.0,0.0,2.0,0.0,0.0,0.0,2.0,0.0,0.0,0.0,1.0,1.0,1.0,0.0,C1
0.0,1.0,0.0,0.0,1.0,0.0,0.0,0.0,1.0,0.0,0.0,0.0,2.0,0.0,0.0,0.0,1.0,0.0,0.0,0.0,DE
0.0,1.0,0.0,0.0,1.0,0.0,0.0,0.0,1.0,0.0,0.0,0.0,2.0,0.0,0.0,0.0,1.0,0.0,1.0,0.0,DE
0.0,1.0,0.0,0.0,1.0,0.0,1.0,0.0,1.0,0.0,0.0,0.0,1.0,0.0,0.0,0.0,1.0,0.0,0.0,0.0,C2
0.0,1.0,0.0,0.0,0.0,0.0,1.0,0.0,1.0,0.0,0.0,0.0,1.0,0.0,0.0,0.0,1.0,0.0,0.0,0.0,DE
1.0,2.0,0.0,0.0,1.0,0.0,0.0,0.0,1.0,0.0,0.0,0.0,4.0,0.0,0.0,0.0,1.0,0.0,0.0,0.0,C2
1.0,1.0,0.0,1.0,1.0,0.0,1.0,0.0,1.0,0.0,0.0,0.0,1.0,0.0,0.0,0.0,1.0,0.0,0.0,0.0,C2
1.0,2.0,0.0,0.0,1.0,1.0,1.0,0.0,2.0,0.0,0.0,0.0,3.0,0.0,0.0,0.0,1.0,0.0,0.0,0.0,B2
1.0,3.0,0.0,1.0,1.0,0.0,0.0,0.0,1.0,0.0,0.0,0.0,5.0,2.0,1.0,0.0,1.0,0.0,1.0,0.0,C2
1.0,4.0,1.0,1.0,1.0,1.0,0.0,0.0,1.0,0.0,0.0,1.0,5.0,2.0,1.0,0.0,2.0,2.0,1.0,0.0,B2
1.0,3.0,0.0,0.0,1.0,0.0,0.0,0.0,1.0,0.0,0.0,0.0,6.0,0.0,0.0,0.0,2.0,0.0,1.0,0.0,C2
1.0,1.0,0.0,0.0,1.0,0.0,1.0,1.0,1.0,0.0,0.0,0.0,2.0,1.0,0.0,0.0,1.0,0.0,0.0,0.0,C2
1.0,3.0,0.0,1.0,1.0,0.0,1.0,0.0,1.0,1.0,0.0,0.0,4.0,1.0,0.0,0.0,1.0,0.0,0.0,0.0,C1
1.0,1.0,0.0,0.0,1.0,0.0,1.0,0.0,1.0,0.0,0.0,0.0,2.0,0.0,0.0,0.0,1.0,0.0,0.0,0.0,C2
0.0,1.0,0.0,0.0,1.0,0.0,0.0,0.0,1.0,0.0,0.0,0.0,1.0,0.0,0.0,0.0,1.0,0.0,1.0,0.0,DE
1.0,2.0,0.0,0.0,1.0,0.0,4.0,0.0,1.0,0.0,0.0,0.0,2.0,1.0,0.0,0.0,1.0,0.0,1.0,0.0,C2
1.0,2.0,0.0,0.0,1.0,0.0,0.0,0.0,1.0,0.0,0.0,0.0,3.0,0.0,0.0,0.0,1.0,0.0,1.0,0.0,C1
0.0,1.0,0.0,0.0,0.0,0.0,0.0,0.0,0.0,0.0,0.0,0.0,3.0,0.0,0.0,0.0,1.0,0.0,0.0,0.0,DE
0.0,1.0,0.0,0.0,0.0,0.0,0.0,0.0,0.0,1.0,0.0,0.0,1.0,0.0,0.0,0.0,1.0,0.0,0.0,0.0,DE
1.0,4.0,1.0,0.0,1.0,1.0,0.0,0.0,1.0,0.0,0.0,1.0,4.0,1.0,1.0,0.0,2.0,1.0,1.0,1.0,B2
0.0,2.0,1.0,0.0,1.0,0.0,0.0,0.0,1.0,0.0,0.0,0.0,2.0,1.0,0.0,0.0,1.0,0.0,0.0,0.0,C2
0.0,1.0,0.0,0.0,1.0,0.0,0.0,0.0,0.0,0.0,0.0,0.0,2.0,0.0,0.0,0.0,1.0,0.0,0.0,0.0,DE
0.0,1.0,0.0,0.0,0.0,0.0,1.0,0.0,0.0,0.0,0.0,0.0,1.0,0.0,0.0,0.0,1.0,0.0,0.0,0.0,DE
1.0,0.0,1.0,1.0,1.0,0.0,0.0,0.0,1.0,1.0,0.0,0.0,2.0,1.0,1.0,0.0,2.0,0.0,0.0,0.0,C2
1.0,2.0,1.0,0.0,1.0,1.0,0.0,1.0,1.0,1.0,1.0,1.0,3.0,0.0,0.0,0.0,2.0,1.0,1.0,1.0,B2
0.0,2.0,1.0,0.0,1.0,0.0,0.0,1.0,1.0,0.0,0.0,0.0,2.0,1.0,1.0,0.0,2.0,0.0,0.0,1.0,C2
1.0,3.0,0.0,0.0,1.0,1.0,0.0,0.0,1.0,1.0,1.0,1.0,2.0,1.0,1.0,0.0,2.0,1.0,1.0,0.0,C1
0.0,4.0,1.0,0.0,1.0,0.0,0.0,0.0,1.0,1.0,0.0,0.0,4.0,1.0,1.0,0.0,2.0,0.0,0.0,1.0,C1
0.0,2.0,0.0,1.0,1.0,1.0,0.0,0.0,1.0,0.0,0.0,0.0,2.0,0.0,0.0,0.0,2.0,0.0,1.0,0.0,C1
0.0,1.0,1.0,0.0,1.0,0.0,0.0,0.0,0.0,0.0,0.0,0.0,1.0,0.0,0.0,0.0,1.0,0.0,0.0,1.0,DE
1.0,2.0,1.0,0.0,1.0,0.0,0.0,1.0,0.0,0.0,0.0,0.0,2.0,0.0,0.0,0.0,1.0,0.0,1.0,0.0,C2
1.0,3.0,0.0,0.0,1.0,1.0,0.0,0.0,1.0,0.0,0.0,1.0,3.0,0.0,0.0,0.0,1.0,1.0,1.0,1.0,C1
1.0,0.0,0.0,0.0,1.0,0.0,1.0,0.0,1.0,0.0,0.0,0.0,1.0,1.0,0.0,0.0,1.0,0.0,0.0,0.0,C2
1.0,0.0,0.0,0.0,1.0,0.0,0.0,0.0,1.0,0.0,0.0,0.0,2.0,0.0,0.0,0.0,1.0,0.0,1.0,0.0,C2
1.0,2.0,0.0,0.0,1.0,1.0,0.0,0.0,1.0,0.0,0.0,0.0,4.0,0.0,0.0,0.0,1.0,0.0,1.0,0.0,C1
1.0,1.0,0.0,0.0,1.0,2.0,0.0,0.0,1.0,0.0,0.0,0.0,1.0,0.0,0.0,0.0,1.0,1.0,1.0,1.0,B2
1.0,2.0,0.0,0.0,1.0,1.0,1.0,0.0,1.0,0.0,0.0,0.0,3.0,0.0,0.0,0.0,1.0,1.0,1.0,0.0,B1
1.0,2.0,0.0,1.0,1.0,1.0,0.0,0.0,1.0,0.0,0.0,0.0,4.0,1.0,0.0,1.0,1.0,0.0,1.0,0.0,C1
0.0,2.0,0.0,0.0,1.0,0.0,0.0,0.0,0.0,0.0,0.0,0.0,2.0,0.0,0.0,0.0,1.0,0.0,1.0,0.0,C2
1.0,4.0,0.0,1.0,1.0,2.0,0.0,0.0,2.0,1.0,1.0,1.0,6.0,2.0,1.0,0.0,2.0,1.0,1.0,0.0,B1
1.0,2.0,0.0,0.0,1.0,2.0,0.0,0.0,2.0,0.0,0.0,1.0,3.0,1.0,0.0,1.0,1.0,1.0,1.0,0.0,B2
1.0,2.0,1.0,0.0,1.0,1.0,0.0,0.0,2.0,0.0,0.0,0.0,3.0,0.0,0.0,0.0,1.0,0.0,0.0,0.0,B2
1.0,2.0,0.0,1.0,1.0,2.0,0.0,0.0,2.0,0.0,0.0,1.0,2.0,1.0,1.0,1.0,1.0,1.0,1.0,1.0,A
1.0,4.0,0.0,0.0,1.0,1.0,0.0,0.0,1.0,0.0,0.0,1.0,6.0,0.0,1.0,0.0,2.0,1.0,1.0,0.0,B2
0.0,1.0,0.0,0.0,1.0,0.0,1.0,1.0,1.0,0.0,0.0,0.0,1.0,0.0,0.0,0.0,1.0,0.0,0.0,0.0,DE
1.0,4.0,0.0,1.0,1.0,2.0,0.0,0.0,2.0,1.0,0.0,1.0,4.0,1.0,1.0,1.0,3.0,1.0,1.0,0.0,B1
1.0,2.0,0.0,0.0,1.0,0.0,0.0,0.0,1.0,0.0,0.0,0.0,2.0,0.0,0.0,1.0,1.0,0.0,1.0,0.0,C1
1.0,3.0,0.0,1.0,1.0,1.0,1.0,0.0,1.0,0.0,0.0,1.0,5.0,3.0,0.0,1.0,2.0,1.0,1.0,0.0,B2
0.0,1.0,0.0,0.0,0.0,0.0,0.0,0.0,0.0,0.0,0.0,0.0,2.0,0.0,0.0,0.0,1.0,0.0,1.0,1.0,DE
0.0,1.0,0.0,0.0,1.0,0.0,0.0,0.0,1.0,0.0,0.0,0.0,2.0,1.0,0.0,0.0,1.0,0.0,1.0,0.0,DE
1.0,2.0,1.0,1.0,1.0,1.0,0.0,0.0,1.0,1.0,0.0,0.0,3.0,1.0,0.0,0.0,2.0,0.0,1.0,0.0,C2
0.0,2.0,0.0,0.0,1.0,1.0,0.0,0.0,1.0,1.0,0.0,0.0,3.0,1.0,0.0,1.0,1.0,0.0,1.0,1.0,B2
1.0,3.0,0.0,0.0,1.0,0.0,0.0,0.0,1.0,0.0,0.0,0.0,4.0,1.0,0.0,0.0,2.0,0.0,1.0,0.0,C2
1.0,2.0,1.0,0.0,1.0,0.0,0.0,1.0,1.0,1.0,0.0,0.0,3.0,1.0,0.0,0.0,2.0,0.0,0.0,1.0,C1
1.0,2.0,1.0,0.0,1.0,1.0,0.0,1.0,1.0,0.0,0.0,1.0,3.0,1.0,1.0,0.0,2.0,1.0,1.0,1.0,B2
1.0,2.0,1.0,0.0,1.0,1.0,0.0,1.0,1.0,1.0,0.0,1.0,2.0,1.0,0.0,1.0,2.0,1.0,1.0,1.0,B2
1.0,3.0,1.0,0.0,1.0,1.0,0.0,1.0,2.0,1.0,1.0,1.0,3.0,1.0,1.0,1.0,2.0,1.0,1.0,1.0,B1
1.0,4.0,1.0,1.0,1.0,2.0,0.0,1.0,2.0,1.0,0.0,1.0,4.0,2.0,1.0,0.0,3.0,1.0,1.0,1.0,A
1.0,0.0,1.0,1.0,1.0,2.0,0.0,1.0,2.0,0.0,0.0,1.0,4.0,2.0,0.0,1.0,3.0,1.0,1.0,1.0,B1
1.0,2.0,1.0,0.0,1.0,0.0,0.0,0.0,1.0,0.0,0.0,0.0,3.0,1.0,0.0,0.0,2.0,0.0,1.0,1.0,B2
1.0,2.0,1.0,0.0,1.0,0.0,0.0,0.0,1.0,1.0,0.0,0.0,2.0,1.0,0.0,1.0,2.0,0.0,1.0,0.0,C1
1.0,3.0,1.0,1.0,1.0,1.0,0.0,1.0,1.0,1.0,1.0,1.0,3.0,1.0,1.0,0.0,3.0,1.0,1.0,1.0,B2
0.0,1.0,1.0,0.0,1.0,0.0,1.0,0.0,0.0,0.0,0.0,0.0,2.0,1.0,0.0,0.0,1.0,0.0,0.0,0.0,DE
0.0,2.0,0.0,0.0,1.0,0.0,1.0,0.0,0.0,0.0,0.0,0.0,2.0,0.0,0.0,0.0,1.0,0.0,0.0,1.0,DE
0.0,2.0,1.0,0.0,1.0,0.0,0.0,0.0,0.0,0.0,0.0,0.0,1.0,0.0,0.0,0.0,1.0,0.0,0.0,1.0,C2
1.0,0.0,1.0,1.0,1.0,0.0,0.0,0.0,1.0,1.0,0.0,0.0,3.0,0.0,0.0,0.0,1.0,0.0,0.0,0.0,C1
0.0,1.0,0.0,0.0,0.0,0.0,1.0,0.0,0.0,0.0,0.0,0.0,1.0,0.0,0.0,0.0,1.0,0.0,0.0,0.0,DE
1.0,2.0,0.0,0.0,1.0,1.0,0.0,0.0,1.0,1.0,0.0,0.0,2.0,1.0,0.0,0.0,2.0,0.0,1.0,1.0,C1
0.0,1.0,0.0,0.0,1.0,0.0,0.0,0.0,0.0,0.0,0.0,0.0,1.0,0.0,0.0,0.0,1.0,0.0,0.0,0.0,DE
1.0,3.0,1.0,0.0,1.0,1.0,0.0,1.0,1.0,1.0,0.0,1.0,4.0,1.0,0.0,1.0,2.0,1.0,1.0,1.0,B2
1.0,4.0,1.0,0.0,1.0,1.0,0.0,1.0,1.0,0.0,0.0,0.0,3.0,0.0,1.0,1.0,2.0,1.0,1.0,0.0,C1
0.0,4.0,1.0,0.0,1.0,1.0,0.0,0.0,1.0,1.0,0.0,0.0,5.0,1.0,1.0,1.0,2.0,0.0,1.0,0.0,C1
0.0,2.0,1.0,0.0,1.0,0.0,1.0,0.0,0.0,0.0,0.0,0.0,2.0,1.0,0.0,0.0,1.0,0.0,0.0,1.0,C2
0.0,1.0,0.0,0.0,0.0,0.0,1.0,0.0,1.0,0.0,0.0,0.0,2.0,0.0,0.0,1.0,1.0,0.0,0.0,1.0,DE
0.0,2.0,0.0,0.0,1.0,0.0,0.0,0.0,1.0,0.0,0.0,0.0,3.0,0.0,0.0,0.0,1.0,0.0,1.0,0.0,DE
1.0,2.0,0.0,0.0,0.0,0.0,0.0,0.0,1.0,1.0,0.0,0.0,2.0,0.0,1.0,1.0,1.0,1.0,1.0,1.0,C2
0.0,2.0,0.0,1.0,1.0,0.0,1.0,0.0,1.0,0.0,1.0,0.0,3.0,0.0,0.0,1.0,3.0,1.0,0.0,1.0,C2
1.0,3.0,1.0,0.0,1.0,1.0,1.0,0.0,1.0,1.0,1.0,0.0,5.0,1.0,1.0,0.0,2.0,0.0,0.0,1.0,C2
0.0,3.0,0.0,0.0,0.0,0.0,0.0,0.0,1.0,0.0,0.0,0.0,4.0,0.0,1.0,0.0,2.0,0.0,1.0,0.0,DE
1.0,2.0,0.0,1.0,1.0,1.0,1.0,0.0,1.0,0.0,0.0,0.0,3.0,1.0,0.0,1.0,2.0,0.0,0.0,1.0,C1
0.0,2.0,0.0,0.0,1.0,1.0,0.0,0.0,1.0,1.0,1.0,0.0,2.0,1.0,1.0,0.0,1.0,0.0,1.0,0.0,C2
1.0,2.0,0.0,1.0,0.0,0.0,2.0,0.0,1.0,0.0,0.0,0.0,3.0,0.0,1.0,0.0,2.0,1.0,0.0,0.0,C2
0.0,2.0,0.0,0.0,1.0,0.0,1.0,0.0,1.0,0.0,0.0,0.0,4.0,0.0,0.0,0.0,2.0,0.0,0.0,0.0,DE
1.0,5.0,0.0,0.0,1.0,1.0,1.0,1.0,1.0,0.0,0.0,0.0,5.0,2.0,0.0,1.0,2.0,0.0,0.0,0.0,B2
1.0,4.0,0.0,0.0,1.0,2.0,0.0,0.0,2.0,1.0,1.0,0.0,6.0,2.0,0.0,0.0,2.0,0.0,1.0,0.0,B1
1.0,2.0,0.0,0.0,1.0,1.0,0.0,0.0,1.0,0.0,0.0,0.0,3.0,0.0,0.0,0.0,2.0,0.0,1.0,0.0,C1
1.0,3.0,0.0,0.0,1.0,1.0,0.0,1.0,1.0,0.0,0.0,0.0,3.0,0.0,0.0,0.0,1.0,1.0,0.0,0.0,B2
1.0,1.0,0.0,0.0,1.0,1.0,0.0,0.0,1.0,0.0,0.0,0.0,1.0,0.0,0.0,0.0,1.0,1.0,1.0,0.0,B2
1.0,2.0,0.0,0.0,1.0,0.0,1.0,0.0,2.0,0.0,0.0,0.0,4.0,0.0,0.0,0.0,1.0,0.0,0.0,0.0,B2
1.0,2.0,0.0,1.0,1.0,0.0,0.0,0.0,1.0,1.0,0.0,0.0,2.0,1.0,0.0,0.0,1.0,0.0,1.0,0.0,C1
0.0,3.0,1.0,0.0,1.0,0.0,0.0,0.0,0.0,1.0,0.0,0.0,4.0,1.0,0.0,1.0,2.0,0.0,1.0,0.0,C2
1.0,4.0,1.0,0.0,1.0,1.0,0.0,1.0,1.0,0.0,0.0,1.0,3.0,1.0,0.0,1.0,3.0,1.0,0.0,1.0,B2
1.0,4.0,0.0,1.0,1.0,0.0,0.0,0.0,1.0,1.0,1.0,0.0,5.0,1.0,0.0,0.0,2.0,0.0,1.0,1.0,B2
0.0,2.0,1.0,0.0,1.0,0.0,0.0,0.0,1.0,0.0,0.0,0.0,2.0,1.0,0.0,0.0,2.0,0.0,1.0,0.0,B2
1.0,2.0,1.0,0.0,1.0,1.0,0.0,0.0,1.0,1.0,0.0,1.0,4.0,1.0,0.0,0.0,2.0,1.0,1.0,1.0,C1
1.0,2.0,1.0,0.0,1.0,1.0,0.0,1.0,1.0,0.0,0.0,1.0,2.0,1.0,0.0,1.0,2.0,1.0,1.0,1.0,B2
1.0,2.0,0.0,0.0,1.0,1.0,0.0,0.0,1.0,1.0,0.0,1.0,2.0,2.0,1.0,1.0,2.0,1.0,0.0,1.0,B2
1.0,4.0,1.0,1.0,1.0,2.0,0.0,1.0,2.0,1.0,1.0,0.0,4.0,2.0,1.0,1.0,3.0,1.0,1.0,1.0,A
1.0,3.0,1.0,1.0,1.0,2.0,0.0,1.0,1.0,1.0,1.0,1.0,3.0,1.0,1.0,1.0,3.0,1.0,1.0,1.0,B1
1.0,2.0,1.0,0.0,1.0,1.0,1.0,0.0,1.0,1.0,1.0,1.0,3.0,1.0,1.0,1.0,2.0,0.0,0.0,1.0,B2
1.0,3.0,0.0,1.0,1.0,0.0,1.0,0.0,1.0,0.0,1.0,0.0,4.0,0.0,0.0,2.0,3.0,1.0,0.0,1.0,C1
0.0,3.0,1.0,0.0,1.0,0.0,1.0,0.0,1.0,0.0,0.0,0.0,4.0,0.0,1.0,0.0,2.0,1.0,0.0,0.0,C2
0.0,3.0,0.0,1.0,1.0,1.0,1.0,0.0,2.0,1.0,1.0,0.0,3.0,1.0,0.0,1.0,2.0,1.0,0.0,1.0,C1
1.0,2.0,0.0,1.0,1.0,0.0,0.0,0.0,1.0,0.0,1.0,0.0,2.0,0.0,1.0,0.0,2.0,1.0,1.0,0.0,C2
0.0,3.0,0.0,0.0,1.0,1.0,1.0,0.0,1.0,1.0,1.0,0.0,4.0,1.0,0.0,1.0,2.0,1.0,0.0,0.0,C1
1.0,2.0,1.0,1.0,1.0,2.0,1.0,0.0,1.0,1.0,1.0,0.0,3.0,1.0,1.0,0.0,2.0,0.0,0.0,1.0,B2
1.0,2.0,0.0,0.0,1.0,1.0,1.0,0.0,1.0,0.0,1.0,1.0,2.0,1.0,1.0,1.0,2.0,0.0,0.0,1.0,B2
1.0,3.0,1.0,0.0,1.0,2.0,1.0,0.0,1.0,1.0,1.0,0.0,4.0,2.0,1.0,1.0,3.0,1.0,0.0,1.0,B1
1.0,3.0,1.0,1.0,1.0,1.0,1.0,1.0,2.0,1.0,1.0,0.0,3.0,1.0,1.0,1.0,2.0,1.0,0.0,1.0,B2
1.0,1.0,0.0,1.0,1.0,1.0,0.0,1.0,1.0,1.0,0.0,0.0,1.0,1.0,1.0,1.0,2.0,0.0,1.0,1.0,B2
1.0,2.0,1.0,0.0,1.0,1.0,0.0,1.0,1.0,0.0,1.0,0.0,2.0,1.0,0.0,0.0,2.0,0.0,1.0,1.0,B2
0.0,1.0,0.0,0.0,1.0,0.0,0.0,1.0,1.0,0.0,0.0,0.0,1.0,1.0,1.0,0.0,1.0,0.0,0.0,0.0,C2
0.0,2.0,1.0,1.0,1.0,1.0,0.0,1.0,1.0,1.0,0.0,1.0,3.0,1.0,0.0,1.0,2.0,1.0,1.0,1.0,B2
1.0,2.0,1.0,1.0,1.0,1.0,0.0,1.0,1.0,1.0,1.0,1.0,2.0,1.0,0.0,1.0,2.0,1.0,1.0,1.0,C1
1.0,1.0,1.0,0.0,1.0,0.0,0.0,0.0,1.0,1.0,0.0,0.0,1.0,1.0,1.0,1.0,2.0,0.0,1.0,0.0,C1
0.0,2.0,1.0,0.0,1.0,0.0,0.0,1.0,1.0,1.0,0.0,0.0,2.0,1.0,1.0,1.0,2.0,0.0,1.0,1.0,C1
1.0,4.0,1.0,0.0,1.0,1.0,0.0,1.0,2.0,1.0,0.0,1.0,5.0,2.0,0.0,1.0,3.0,1.0,0.0,1.0,B2
1.0,3.0,1.0,0.0,1.0,1.0,0.0,1.0,1.0,1.0,0.0,1.0,3.0,0.0,0.0,0.0,2.0,1.0,1.0,1.0,B2
1.0,2.0,1.0,1.0,1.0,1.0,0.0,0.0,1.0,1.0,1.0,1.0,2.0,1.0,1.0,0.0,2.0,0.0,1.0,1.0,B2
0.0,1.0,0.0,0.0,0.0,0.0,0.0,0.0,0.0,0.0,0.0,0.0,2.0,1.0,0.0,1.0,2.0,0.0,1.0,0.0,DE
0.0,2.0,1.0,0.0,0.0,0.0,1.0,0.0,0.0,0.0,0.0,0.0,4.0,1.0,0.0,0.0,1.0,0.0,0.0,0.0,DE
0.0,1.0,1.0,0.0,1.0,0.0,0.0,0.0,0.0,0.0,0.0,0.0,2.0,1.0,0.0,0.0,1.0,0.0,0.0,0.0,C2
1.0,2.0,0.0,0.0,1.0,0.0,0.0,0.0,1.0,0.0,0.0,0.0,2.0,1.0,0.0,0.0,1.0,0.0,0.0,1.0,C2
0.0,3.0,1.0,0.0,1.0,1.0,0.0,0.0,1.0,1.0,0.0,1.0,3.0,0.0,1.0,0.0,2.0,0.0,1.0,1.0,C1
0.0,2.0,0.0,0.0,0.0,2.0,1.0,1.0,1.0,0.0,1.0,1.0,2.0,1.0,1.0,0.0,2.0,0.0,0.0,1.0,C1
1.0,3.0,1.0,0.0,1.0,1.0,1.0,1.0,1.0,1.0,2.0,0.0,4.0,2.0,1.0,1.0,3.0,1.0,0.0,1.0,B2
1.0,3.0,0.0,1.0,1.0,0.0,1.0,1.0,1.0,0.0,1.0,1.0,3.0,1.0,0.0,1.0,2.0,0.0,0.0,1.0,C1
0.0,2.0,0.0,0.0,0.0,2.0,0.0,1.0,1.0,1.0,1.0,0.0,2.0,1.0,1.0,1.0,2.0,0.0,0.0,1.0,C1
1.0,2.0,1.0,1.0,1.0,2.0,1.0,1.0,1.0,1.0,1.0,0.0,3.0,2.0,1.0,1.0,2.0,1.0,0.0,1.0,B2
0.0,2.0,0.0,0.0,1.0,1.0,1.0,0.0,1.0,1.0,0.0,0.0,2.0,1.0,0.0,0.0,1.0,1.0,0.0,0.0,C2
1.0,2.0,2.0,0.0,1.0,1.0,0.0,1.0,2.0,1.0,1.0,0.0,4.0,1.0,1.0,0.0,3.0,1.0,1.0,1.0,B2
1.0,1.0,0.0,1.0,1.0,0.0,1.0,0.0,1.0,1.0,0.0,0.0,2.0,2.0,0.0,1.0,2.0,0.0,0.0,1.0,C1
1.0,2.0,0.0,0.0,1.0,1.0,1.0,0.0,1.0,1.0,1.0,1.0,2.0,1.0,1.0,0.0,2.0,0.0,0.0,0.0,C1
0.0,2.0,1.0,0.0,1.0,1.0,1.0,0.0,1.0,1.0,2.0,0.0,3.0,1.0,1.0,1.0,2.0,1.0,0.0,1.0,C1
0.0,0.0,0.0,0.0,0.0,0.0,1.0,0.0,1.0,0.0,0.0,0.0,2.0,0.0,0.0,1.0,2.0,0.0,0.0,1.0,DE
0.0,3.0,0.0,1.0,1.0,1.0,1.0,1.0,1.0,1.0,1.0,0.0,3.0,1.0,1.0,1.0,2.0,1.0,0.0,1.0,C1
1.0,3.0,0.0,1.0,1.0,0.0,1.0,0.0,2.0,1.0,2.0,0.0,3.0,1.0,0.0,1.0,3.0,0.0,0.0,1.0,C1
1.0,2.0,0.0,1.0,0.0,1.0,1.0,0.0,1.0,0.0,0.0,0.0,2.0,0.0,1.0,0.0,1.0,1.0,0.0,1.0,C2
1.0,3.0,1.0,0.0,1.0,0.0,1.0,0.0,1.0,1.0,1.0,0.0,4.0,1.0,1.0,0.0,2.0,1.0,0.0,1.0,C2
1.0,2.0,1.0,1.0,1.0,1.0,1.0,0.0,2.0,1.0,0.0,0.0,3.0,1.0,1.0,0.0,2.0,1.0,1.0,0.0,B2
1.0,1.0,0.0,0.0,1.0,0.0,1.0,0.0,1.0,0.0,0.0,0.0,4.0,0.0,0.0,0.0,1.0,0.0,0.0,0.0,DE
1.0,1.0,0.0,1.0,1.0,1.0,0.0,0.0,2.0,0.0,0.0,0.0,3.0,0.0,0.0,0.0,2.0,0.0,1.0,0.0,C1
1.0,2.0,0.0,0.0,1.0,0.0,0.0,1.0,1.0,0.0,0.0,0.0,3.0,0.0,0.0,0.0,2.0,0.0,1.0,0.0,C2
1.0,2.0,0.0,0.0,1.0,1.0,1.0,0.0,1.0,0.0,0.0,0.0,2.0,1.0,0.0,0.0,1.0,0.0,0.0,0.0,C1
1.0,2.0,0.0,1.0,1.0,1.0,0.0,0.0,1.0,0.0,0.0,0.0,5.0,0.0,0.0,1.0,1.0,0.0,1.0,0.0,B2
1.0,3.0,0.0,1.0,1.0,1.0,0.0,1.0,2.0,0.0,1.0,0.0,4.0,2.0,1.0,0.0,1.0,0.0,1.0,0.0,B1
1.0,2.0,0.0,1.0,1.0,1.0,0.0,0.0,1.0,0.0,0.0,0.0,2.0,0.0,1.0,0.0,1.0,0.0,1.0,0.0,C1
1.0,2.0,0.0,0.0,1.0,0.0,0.0,0.0,1.0,0.0,0.0,0.0,2.0,0.0,0.0,0.0,1.0,0.0,1.0,0.0,C2
1.0,3.0,0.0,1.0,1.0,1.0,0.0,0.0,1.0,0.0,1.0,0.0,3.0,0.0,0.0,0.0,2.0,0.0,1.0,0.0,C1
0.0,2.0,0.0,0.0,0.0,0.0,1.0,0.0,0.0,0.0,0.0,0.0,2.0,0.0,0.0,0.0,1.0,0.0,0.0,0.0,DE
0.0,2.0,1.0,0.0,1.0,0.0,0.0,0.0,1.0,1.0,0.0,0.0,3.0,0.0,1.0,0.0,1.0,0.0,1.0,0.0,C2
0.0,1.0,0.0,0.0,1.0,0.0,0.0,1.0,1.0,0.0,0.0,0.0,1.0,0.0,0.0,0.0,2.0,0.0,1.0,0.0,C2
1.0,3.0,1.0,1.0,1.0,1.0,0.0,0.0,1.0,1.0,1.0,0.0,4.0,0.0,0.0,0.0,2.0,0.0,1.0,1.0,B2
1.0,2.0,0.0,1.0,1.0,1.0,1.0,0.0,1.0,1.0,0.0,0.0,2.0,1.0,0.0,0.0,2.0,0.0,0.0,0.0,C1
1.0,2.0,1.0,0.0,1.0,0.0,0.0,0.0,1.0,1.0,0.0,0.0,2.0,1.0,0.0,0.0,2.0,0.0,1.0,0.0,C1
0.0,0.0,0.0,0.0,0.0,0.0,0.0,0.0,0.0,0.0,0.0,0.0,1.0,0.0,0.0,1.0,1.0,0.0,0.0,0.0,DE
1.0,2.0,1.0,0.0,1.0,0.0,0.0,0.0,1.0,1.0,0.0,0.0,2.0,1.0,0.0,0.0,2.0,0.0,0.0,0.0,C2
0.0,2.0,1.0,1.0,1.0,1.0,1.0,0.0,1.0,0.0,0.0,1.0,2.0,1.0,1.0,0.0,2.0,1.0,0.0,0.0,C1
1.0,3.0,1.0,0.0,0.0,1.0,1.0,0.0,0.0,1.0,0.0,0.0,3.0,1.0,0.0,0.0,1.0,0.0,0.0,0.0,C2
0.0,2.0,1.0,1.0,1.0,0.0,0.0,0.0,1.0,1.0,0.0,0.0,2.0,0.0,0.0,0.0,2.0,0.0,0.0,0.0,C2
0.0,1.0,0.0,0.0,1.0,0.0,1.0,0.0,0.0,0.0,0.0,0.0,2.0,0.0,0.0,0.0,1.0,0.0,0.0,0.0,DE
1.0,2.0,0.0,0.0,1.0,0.0,0.0,1.0,1.0,0.0,1.0,0.0,2.0,1.0,0.0,0.0,2.0,0.0,1.0,0.0,C2
0.0,1.0,0.0,0.0,1.0,0.0,0.0,0.0,0.0,0.0,0.0,0.0,2.0,0.0,0.0,0.0,1.0,0.0,0.0,1.0,DE
0.0,2.0,0.0,0.0,1.0,0.0,1.0,0.0,1.0,0.0,1.0,0.0,2.0,0.0,1.0,0.0,2.0,0.0,0.0,0.0,C2
0.0,3.0,0.0,0.0,0.0,0.0,0.0,0.0,1.0,0.0,0.0,0.0,4.0,0.0,0.0,1.0,2.0,0.0,1.0,0.0,DE
0.0,3.0,0.0,0.0,1.0,1.0,0.0,0.0,1.0,1.0,1.0,0.0,3.0,1.0,1.0,1.0,2.0,1.0,1.0,0.0,C1
0.0,2.0,0.0,0.0,1.0,0.0,1.0,0.0,2.0,0.0,1.0,0.0,2.0,1.0,1.0,0.0,1.0,0.0,0.0,0.0,C1
1.0,2.0,2.0,0.0,1.0,1.0,1.0,0.0,1.0,1.0,2.0,0.0,4.0,2.0,1.0,0.0,2.0,1.0,0.0,1.0,C1
1.0,2.0,0.0,0.0,1.0,0.0,1.0,0.0,1.0,1.0,0.0,0.0,2.0,1.0,1.0,0.0,1.0,1.0,0.0,1.0,C2
0.0,3.0,0.0,0.0,0.0,1.0,1.0,0.0,2.0,0.0,0.0,0.0,4.0,0.0,1.0,0.0,3.0,0.0,0.0,1.0,C1
0.0,2.0,0.0,0.0,1.0,0.0,1.0,0.0,1.0,0.0,0.0,0.0,5.0,0.0,0.0,0.0,2.0,0.0,0.0,0.0,DE
1.0,2.0,1.0,0.0,1.0,0.0,1.0,0.0,1.0,1.0,1.0,0.0,3.0,1.0,1.0,0.0,2.0,1.0,0.0,0.0,C1
0.0,1.0,0.0,0.0,0.0,0.0,1.0,0.0,1.0,0.0,0.0,0.0,2.0,0.0,0.0,0.0,1.0,0.0,0.0,0.0,DE
0.0,2.0,0.0,0.0,0.0,1.0,1.0,0.0,1.0,0.0,1.0,1.0,2.0,1.0,1.0,1.0,2.0,0.0,0.0,0.0,C2
0.0,2.0,0.0,0.0,1.0,0.0,1.0,0.0,1.0,0.0,1.0,0.0,2.0,0.0,1.0,0.0,2.0,0.0,0.0,1.0,C2
1.0,3.0,1.0,0.0,1.0,0.0,1.0,0.0,1.0,1.0,0.0,0.0,4.0,0.0,1.0,0.0,2.0,1.0,0.0,1.0,C2
1.0,2.0,0.0,1.0,1.0,0.0,1.0,1.0,1.0,0.0,1.0,0.0,3.0,2.0,0.0,1.0,3.0,0.0,0.0,1.0,C1
1.0,3.0,0.0,1.0,1.0,0.0,1.0,0.0,1.0,1.0,1.0,0.0,3.0,1.0,1.0,0.0,2.0,1.0,0.0,0.0,C2
0.0,1.0,0.0,0.0,1.0,0.0,0.0,0.0,1.0,0.0,0.0,0.0,4.0,0.0,0.0,0.0,1.0,0.0,1.0,0.0,DE
1.0,2.0,0.0,0.0,1.0,0.0,0.0,0.0,1.0,0.0,0.0,0.0,2.0,0.0,1.0,1.0,1.0,0.0,1.0,0.0,C2
1.0,2.0,0.0,1.0,1.0,2.0,0.0,0.0,1.0,0.0,0.0,0.0,5.0,1.0,1.0,0.0,2.0,1.0,1.0,0.0,A
0.0,2.0,0.0,0.0,1.0,0.0,1.0,0.0,0.0,0.0,0.0,0.0,3.0,0.0,0.0,1.0,1.0,0.0,0.0,0.0,DE
0.0,1.0,0.0,0.0,0.0,0.0,1.0,0.0,0.0,0.0,0.0,0.0,2.0,0.0,0.0,0.0,1.0,0.0,0.0,0.0,DE
0.0,2.0,0.0,0.0,1.0,0.0,0.0,0.0,0.0,1.0,0.0,0.0,2.0,1.0,0.0,0.0,1.0,0.0,1.0,0.0,DE
0.0,2.0,0.0,0.0,1.0,0.0,0.0,0.0,0.0,0.0,0.0,0.0,1.0,1.0,0.0,1.0,1.0,0.0,1.0,0.0,DE
0.0,2.0,1.0,0.0,1.0,0.0,1.0,0.0,1.0,0.0,0.0,0.0,2.0,1.0,0.0,0.0,1.0,0.0,0.0,0.0,C2
0.0,1.0,0.0,1.0,1.0,0.0,0.0,0.0,1.0,0.0,0.0,0.0,1.0,1.0,0.0,0.0,1.0,0.0,1.0,1.0,C2
1.0,2.0,0.0,1.0,1.0,1.0,0.0,0.0,1.0,1.0,1.0,1.0,2.0,0.0,1.0,0.0,2.0,1.0,1.0,1.0,C1
0.0,2.0,0.0,0.0,1.0,0.0,0.0,0.0,1.0,0.0,0.0,0.0,1.0,0.0,0.0,0.0,2.0,0.0,1.0,0.0,C1
1.0,4.0,1.0,1.0,1.0,2.0,1.0,0.0,1.0,1.0,0.0,1.0,4.0,0.0,0.0,0.0,2.0,1.0,1.0,0.0,B2
0.0,3.0,1.0,0.0,1.0,1.0,0.0,1.0,1.0,1.0,0.0,1.0,2.0,1.0,0.0,1.0,2.0,1.0,1.0,1.0,C1
0.0,2.0,0.0,1.0,1.0,0.0,0.0,0.0,1.0,0.0,0.0,0.0,2.0,0.0,0.0,0.0,2.0,0.0,0.0,0.0,C2
0.0,1.0,0.0,0.0,0.0,0.0,0.0,0.0,0.0,1.0,0.0,0.0,2.0,0.0,0.0,0.0,1.0,0.0,0.0,0.0,DE
1.0,3.0,1.0,0.0,1.0,1.0,0.0,0.0,1.0,1.0,0.0,0.0,4.0,1.0,1.0,0.0,1.0,0.0,1.0,0.0,C2
1.0,2.0,1.0,0.0,1.0,0.0,0.0,0.0,1.0,1.0,0.0,0.0,3.0,1.0,0.0,1.0,1.0,0.0,0.0,1.0,C2
0.0,2.0,0.0,0.0,1.0,0.0,0.0,0.0,0.0,0.0,0.0,0.0,2.0,0.0,0.0,0.0,1.0,0.0,1.0,0.0,DE
1.0,2.0,0.0,0.0,1.0,0.0,0.0,0.0,1.0,0.0,0.0,0.0,2.0,1.0,0.0,1.0,1.0,0.0,1.0,0.0,C2
1.0,2.0,0.0,0.0,1.0,0.0,0.0,0.0,1.0,0.0,0.0,0.0,3.0,0.0,0.0,0.0,1.0,0.0,1.0,0.0,C1
1.0,2.0,0.0,0.0,1.0,0.0,1.0,0.0,1.0,0.0,0.0,0.0,6.0,0.0,1.0,0.0,1.0,0.0,1.0,0.0,C2
1.0,1.0,0.0,0.0,1.0,0.0,0.0,0.0,1.0,0.0,0.0,0.0,3.0,0.0,0.0,0.0,1.0,0.0,1.0,0.0,C2
1.0,1.0,0.0,0.0,0.0,0.0,0.0,0.0,1.0,0.0,0.0,0.0,2.0,0.0,0.0,0.0,1.0,0.0,1.0,0.0,DE
0.0,2.0,0.0,0.0,1.0,0.0,0.0,0.0,1.0,0.0,0.0,0.0,2.0,0.0,0.0,0.0,1.0,0.0,1.0,0.0,DE
0.0,1.0,0.0,0.0,0.0,0.0,1.0,0.0,1.0,0.0,0.0,0.0,1.0,0.0,0.0,0.0,1.0,0.0,0.0,0.0,DE
1.0,2.0,0.0,1.0,1.0,0.0,1.0,0.0,1.0,0.0,0.0,0.0,3.0,1.0,0.0,0.0,1.0,0.0,0.0,0.0,C2
1.0,2.0,0.0,0.0,1.0,0.0,0.0,0.0,1.0,0.0,0.0,0.0,4.0,0.0,0.0,0.0,1.0,0.0,1.0,0.0,C2
1.0,4.0,0.0,1.0,1.0,2.0,0.0,0.0,1.0,1.0,1.0,1.0,6.0,3.0,0.0,1.0,2.0,1.0,1.0,0.0,A
1.0,1.0,0.0,1.0,1.0,1.0,0.0,0.0,1.0,0.0,1.0,0.0,1.0,1.0,0.0,0.0,1.0,0.0,1.0,0.0,C1
1.0,2.0,0.0,1.0,1.0,1.0,0.0,0.0,1.0,0.0,0.0,0.0,3.0,1.0,1.0,1.0,1.0,0.0,1.0,0.0,C1
1.0,2.0,0.0,1.0,1.0,1.0,0.0,0.0,1.0,0.0,1.0,0.0,2.0,0.0,0.0,0.0,1.0,0.0,1.0,0.0,C1
1.0,1.0,0.0,0.0,0.0,1.0,0.0,0.0,1.0,0.0,0.0,0.0,1.0,1.0,0.0,1.0,1.0,1.0,1.0,0.0,C2
1.0,2.0,0.0,0.0,1.0,0.0,1.0,0.0,1.0,0.0,0.0,0.0,4.0,0.0,0.0,0.0,1.0,0.0,0.0,0.0,C2
1.0,2.0,0.0,0.0,1.0,0.0,1.0,0.0,1.0,0.0,0.0,0.0,3.0,1.0,0.0,0.0,1.0,0.0,0.0,0.0,C2
1.0,2.0,0.0,1.0,1.0,1.0,1.0,0.0,1.0,0.0,1.0,0.0,2.0,1.0,1.0,1.0,1.0,0.0,1.0,0.0,C1
1.0,2.0,0.0,0.0,1.0,1.0,0.0,0.0,1.0,0.0,0.0,0.0,4.0,0.0,0.0,0.0,2.0,0.0,1.0,0.0,C1
1.0,2.0,0.0,0.0,1.0,1.0,0.0,1.0,1.0,0.0,1.0,0.0,2.0,0.0,0.0,1.0,1.0,0.0,1.0,0.0,C2
1.0,2.0,0.0,1.0,1.0,1.0,0.0,1.0,2.0,0.0,0.0,0.0,3.0,1.0,1.0,1.0,1.0,1.0,1.0,0.0,B2
1.0,4.0,0.0,1.0,1.0,2.0,0.0,0.0,1.0,0.0,0.0,0.0,4.0,2.0,1.0,0.0,2.0,1.0,1.0,0.0,B2
0.0,2.0,0.0,0.0,1.0,0.0,0.0,0.0,0.0,0.0,0.0,0.0,4.0,0.0,0.0,0.0,1.0,0.0,0.0,0.0,C2
0.0,2.0,1.0,0.0,1.0,0.0,0.0,0.0,0.0,0.0,0.0,0.0,3.0,0.0,0.0,0.0,1.0,0.0,0.0,0.0,DE
1.0,2.0,0.0,0.0,0.0,0.0,0.0,0.0,0.0,0.0,0.0,0.0,1.0,1.0,0.0,0.0,1.0,0.0,0.0,0.0,C2
0.0,1.0,0.0,0.0,1.0,0.0,0.0,0.0,0.0,0.0,0.0,0.0,2.0,0.0,0.0,0.0,1.0,0.0,1.0,0.0,DE
0.0,0.0,1.0,0.0,1.0,1.0,1.0,1.0,1.0,0.0,0.0,0.0,3.0,0.0,0.0,0.0,2.0,0.0,0.0,0.0,C2
1.0,2.0,1.0,0.0,1.0,1.0,0.0,0.0,1.0,1.0,0.0,1.0,2.0,1.0,0.0,1.0,2.0,1.0,0.0,1.0,B2
1.0,2.0,1.0,1.0,1.0,2.0,0.0,1.0,1.0,1.0,0.0,1.0,3.0,1.0,1.0,0.0,3.0,1.0,1.0,1.0,B1
1.0,2.0,0.0,0.0,1.0,0.0,0.0,0.0,1.0,0.0,0.0,0.0,2.0,0.0,0.0,0.0,1.0,0.0,1.0,0.0,C1
1.0,2.0,0.0,0.0,1.0,1.0,0.0,0.0,1.0,0.0,0.0,0.0,2.0,1.0,1.0,1.0,1.0,0.0,1.0,0.0,C1
1.0,2.0,0.0,1.0,1.0,0.0,0.0,0.0,1.0,0.0,0.0,0.0,4.0,1.0,1.0,0.0,1.0,0.0,1.0,0.0,C1
1.0,2.0,0.0,0.0,1.0,1.0,0.0,0.0,1.0,0.0,0.0,0.0,1.0,0.0,0.0,0.0,2.0,0.0,0.0,1.0,C1
1.0,2.0,0.0,0.0,1.0,1.0,0.0,1.0,1.0,1.0,1.0,1.0,2.0,1.0,0.0,0.0,2.0,1.0,1.0,0.0,C1
1.0,0.0,1.0,1.0,1.0,2.0,0.0,0.0,1.0,1.0,0.0,1.0,3.0,2.0,1.0,1.0,3.0,0.0,1.0,1.0,A
1.0,2.0,0.0,1.0,1.0,1.0,0.0,1.0,1.0,1.0,0.0,1.0,2.0,1.0,1.0,1.0,2.0,0.0,1.0,1.0,C1
0.0,2.0,1.0,1.0,1.0,0.0,0.0,0.0,1.0,0.0,1.0,0.0,1.0,1.0,1.0,0.0,2.0,0.0,0.0,1.0,C2
1.0,2.0,0.0,0.0,1.0,0.0,0.0,0.0,1.0,0.0,0.0,0.0,2.0,0.0,0.0,1.0,1.0,0.0,1.0,0.0,C2
0.0,1.0,1.0,0.0,1.0,1.0,0.0,0.0,1.0,0.0,1.0,0.0,2.0,0.0,0.0,0.0,1.0,1.0,1.0,0.0,C2
0.0,3.0,0.0,0.0,1.0,0.0,0.0,0.0,1.0,0.0,2.0,0.0,3.0,0.0,1.0,0.0,2.0,0.0,1.0,0.0,C2
1.0,2.0,1.0,0.0,1.0,0.0,0.0,0.0,0.0,0.0,1.0,0.0,2.0,0.0,1.0,0.0,1.0,0.0,1.0,0.0,C2
1.0,3.0,1.0,0.0,1.0,0.0,0.0,0.0,1.0,0.0,0.0,0.0,4.0,0.0,1.0,1.0,2.0,0.0,1.0,0.0,C2
1.0,2.0,1.0,0.0,1.0,1.0,0.0,0.0,1.0,1.0,1.0,0.0,2.0,1.0,1.0,1.0,2.0,0.0,1.0,0.0,C1
1.0,3.0,1.0,1.0,1.0,1.0,0.0,0.0,1.0,1.0,1.0,0.0,3.0,1.0,1.0,1.0,2.0,0.0,1.0,0.0,C1
1.0,4.0,1.0,1.0,1.0,2.0,0.0,0.0,0.0,1.0,1.0,0.0,4.0,0.0,1.0,1.0,2.0,1.0,0.0,0.0,B2
0.0,1.0,0.0,0.0,1.0,0.0,1.0,0.0,1.0,1.0,0.0,0.0,1.0,0.0,0.0,0.0,1.0,0.0,0.0,0.0,C2
0.0,1.0,0.0,0.0,0.0,0.0,1.0,0.0,0.0,0.0,0.0,0.0,3.0,0.0,0.0,0.0,1.0,0.0,0.0,0.0,DE
0.0,1.0,0.0,0.0,1.0,1.0,1.0,0.0,0.0,0.0,0.0,0.0,3.0,0.0,0.0,1.0,1.0,0.0,0.0,0.0,C1
0.0,1.0,0.0,0.0,0.0,0.0,0.0,0.0,0.0,0.0,0.0,0.0,1.0,0.0,0.0,0.0,1.0,0.0,0.0,0.0,DE
0.0,1.0,0.0,0.0,0.0,0.0,0.0,0.0,0.0,0.0,0.0,0.0,6.0,0.0,0.0,1.0,1.0,0.0,1.0,0.0,C2
1.0,1.0,0.0,0.0,0.0,1.0,1.0,0.0,0.0,0.0,0.0,0.0,2.0,0.0,0.0,0.0,1.0,0.0,0.0,0.0,C2
0.0,1.0,0.0,0.0,0.0,0.0,0.0,0.0,1.0,0.0,0.0,0.0,3.0,0.0,0.0,0.0,1.0,0.0,1.0,0.0,C2
0.0,1.0,0.0,0.0,1.0,0.0,1.0,0.0,1.0,0.0,0.0,0.0,4.0,0.0,1.0,1.0,1.0,0.0,0.0,0.0,C2
1.0,1.0,0.0,0.0,1.0,1.0,1.0,0.0,0.0,0.0,0.0,0.0,3.0,0.0,1.0,1.0,1.0,0.0,0.0,0.0,C2
1.0,1.0,0.0,0.0,1.0,1.0,0.0,0.0,2.0,1.0,0.0,0.0,6.0,0.0,0.0,1.0,1.0,0.0,1.0,0.0,B2
1.0,1.0,0.0,0.0,1.0,1.0,1.0,0.0,1.0,1.0,0.0,0.0,3.0,0.0,0.0,0.0,1.0,0.0,0.0,0.0,C1
1.0,1.0,0.0,1.0,1.0,0.0,0.0,1.0,1.0,0.0,0.0,0.0,2.0,0.0,1.0,0.0,1.0,0.0,1.0,0.0,C2
1.0,2.0,0.0,0.0,1.0,1.0,0.0,0.0,1.0,0.0,1.0,0.0,3.0,0.0,0.0,0.0,1.0,0.0,1.0,0.0,B2
1.0,1.0,0.0,0.0,1.0,0.0,0.0,0.0,1.0,0.0,0.0,0.0,1.0,0.0,0.0,0.0,1.0,0.0,1.0,0.0,C2
1.0,2.0,0.0,0.0,1.0,1.0,1.0,1.0,1.0,0.0,1.0,0.0,4.0,0.0,0.0,0.0,1.0,0.0,1.0,0.0,C1
1.0,2.0,0.0,1.0,1.0,1.0,0.0,0.0,1.0,0.0,1.0,0.0,2.0,0.0,1.0,0.0,1.0,0.0,1.0,0.0,C1
0.0,2.0,0.0,0.0,1.0,0.0,0.0,0.0,1.0,0.0,0.0,0.0,3.0,0.0,0.0,0.0,1.0,0.0,1.0,0.0,C2
1.0,3.0,1.0,0.0,1.0,1.0,0.0,1.0,1.0,0.0,0.0,1.0,7.0,2.0,0.0,1.0,2.0,1.0,1.0,0.0,B1
1.0,2.0,0.0,1.0,1.0,1.0,0.0,0.0,1.0,0.0,0.0,1.0,3.0,2.0,1.0,0.0,1.0,1.0,1.0,0.0,C1
1.0,3.0,0.0,1.0,1.0,2.0,0.0,0.0,2.0,1.0,1.0,1.0,4.0,2.0,0.0,1.0,1.0,1.0,1.0,0.0,A
1.0,2.0,0.0,1.0,1.0,1.0,1.0,0.0,1.0,1.0,1.0,0.0,2.0,0.0,1.0,1.0,2.0,0.0,0.0,0.0,C1
1.0,3.0,0.0,1.0,1.0,0.0,1.0,0.0,1.0,1.0,1.0,0.0,3.0,0.0,1.0,1.0,1.0,0.0,0.0,0.0,C1
0.0,4.0,0.0,0.0,0.0,0.0,1.0,0.0,1.0,1.0,1.0,0.0,5.0,0.0,0.0,1.0,1.0,1.0,0.0,0.0,C2
1.0,4.0,0.0,1.0,1.0,0.0,1.0,0.0,1.0,1.0,1.0,0.0,4.0,1.0,1.0,1.0,1.0,1.0,0.0,0.0,C2
1.0,2.0,0.0,0.0,1.0,0.0,1.0,0.0,1.0,1.0,1.0,0.0,2.0,1.0,0.0,1.0,1.0,0.0,0.0,0.0,C1
1.0,2.0,0.0,0.0,1.0,0.0,1.0,0.0,1.0,0.0,0.0,0.0,4.0,0.0,0.0,0.0,1.0,0.0,0.0,0.0,C2
0.0,3.0,0.0,0.0,1.0,1.0,0.0,0.0,1.0,1.0,1.0,0.0,3.0,2.0,1.0,1.0,1.0,1.0,1.0,1.0,B2
1.0,2.0,0.0,0.0,0.0,0.0,0.0,0.0,0.0,0.0,1.0,0.0,2.0,0.0,1.0,1.0,1.0,0.0,1.0,0.0,C2
1.0,1.0,0.0,0.0,1.0,1.0,0.0,0.0,1.0,0.0,0.0,0.0,4.0,0.0,0.0,0.0,1.0,0.0,1.0,0.0,B2
1.0,1.0,0.0,1.0,0.0,1.0,0.0,0.0,1.0,0.0,0.0,0.0,4.0,0.0,0.0,0.0,1.0,0.0,1.0,0.0,C1
0.0,1.0,0.0,0.0,0.0,0.0,0.0,0.0,0.0,0.0,0.0,0.0,5.0,0.0,0.0,1.0,1.0,0.0,1.0,0.0,C1
0.0,1.0,0.0,0.0,0.0,0.0,1.0,0.0,0.0,0.0,0.0,0.0,2.0,0.0,0.0,0.0,2.0,0.0,0.0,0.0,C2
1.0,1.0,0.0,1.0,1.0,1.0,0.0,0.0,1.0,1.0,0.0,0.0,4.0,0.0,1.0,1.0,1.0,0.0,1.0,0.0,B2
0.0,1.0,0.0,0.0,0.0,0.0,1.0,0.0,0.0,0.0,0.0,0.0,2.0,0.0,0.0,0.0,1.0,0.0,0.0,0.0,DE
0.0,1.0,0.0,0.0,0.0,0.0,0.0,0.0,0.0,0.0,0.0,0.0,1.0,0.0,0.0,0.0,1.0,0.0,0.0,0.0,DE
1.0,1.0,0.0,0.0,1.0,0.0,0.0,0.0,1.0,0.0,0.0,0.0,4.0,0.0,1.0,1.0,1.0,0.0,1.0,0.0,C1
1.0,1.0,0.0,0.0,1.0,1.0,1.0,0.0,1.0,0.0,0.0,0.0,4.0,0.0,1.0,1.0,1.0,0.0,0.0,0.0,B2
1.0,1.0,0.0,0.0,0.0,0.0,0.0,0.0,0.0,0.0,0.0,0.0,1.0,0.0,0.0,0.0,1.0,0.0,0.0,0.0,DE
0.0,0.0,0.0,0.0,0.0,0.0,0.0,0.0,0.0,0.0,0.0,0.0,1.0,0.0,0.0,0.0,1.0,0.0,0.0,0.0,DE
1.0,4.0,0.0,1.0,1.0,3.0,0.0,0.0,2.0,1.0,1.0,1.0,3.0,1.0,1.0,1.0,2.0,1.0,1.0,0.0,A
1.0,1.0,0.0,1.0,1.0,2.0,0.0,1.0,1.0,1.0,1.0,1.0,3.0,0.0,0.0,1.0,2.0,0.0,1.0,0.0,B1
0.0,1.0,0.0,0.0,0.0,0.0,0.0,0.0,1.0,0.0,0.0,0.0,1.0,0.0,0.0,0.0,1.0,0.0,0.0,0.0,DE
1.0,1.0,0.0,0.0,1.0,1.0,0.0,0.0,1.0,0.0,0.0,0.0,4.0,0.0,1.0,0.0,1.0,0.0,1.0,0.0,B2
1.0,1.0,0.0,0.0,1.0,1.0,1.0,0.0,1.0,0.0,0.0,0.0,2.0,0.0,0.0,0.0,1.0,0.0,0.0,0.0,B2
1.0,1.0,0.0,0.0,1.0,1.0,0.0,0.0,1.0,1.0,1.0,0.0,7.0,0.0,0.0,0.0,1.0,0.0,1.0,0.0,B1
1.0,1.0,0.0,0.0,1.0,1.0,0.0,0.0,2.0,1.0,0.0,0.0,2.0,1.0,0.0,1.0,1.0,0.0,1.0,0.0,B1
1.0,1.0,0.0,1.0,1.0,1.0,0.0,0.0,1.0,1.0,0.0,0.0,4.0,0.0,0.0,1.0,1.0,0.0,1.0,0.0,B2
0.0,0.0,0.0,0.0,0.0,0.0,1.0,0.0,1.0,0.0,0.0,0.0,1.0,0.0,0.0,0.0,1.0,0.0,0.0,0.0,DE
1.0,2.0,0.0,0.0,1.0,0.0,0.0,1.0,1.0,1.0,0.0,0.0,4.0,1.0,1.0,1.0,1.0,0.0,1.0,0.0,C2
1.0,3.0,0.0,0.0,1.0,0.0,0.0,0.0,1.0,0.0,0.0,0.0,5.0,2.0,0.0,0.0,1.0,0.0,1.0,0.0,DE
0.0,3.0,0.0,0.0,1.0,0.0,0.0,0.0,1.0,0.0,0.0,0.0,4.0,0.0,0.0,0.0,1.0,0.0,1.0,0.0,DE
0.0,2.0,0.0,0.0,1.0,0.0,0.0,0.0,1.0,0.0,0.0,0.0,2.0,0.0,0.0,0.0,1.0,0.0,1.0,0.0,DE
0.0,1.0,0.0,0.0,1.0,0.0,0.0,0.0,1.0,0.0,0.0,0.0,1.0,1.0,0.0,0.0,1.0,0.0,1.0,0.0,DE
1.0,2.0,0.0,0.0,1.0,0.0,1.0,0.0,1.0,0.0,0.0,0.0,2.0,0.0,0.0,0.0,1.0,0.0,0.0,0.0,C1
1.0,2.0,0.0,0.0,1.0,1.0,0.0,0.0,1.0,0.0,0.0,0.0,2.0,0.0,0.0,0.0,1.0,0.0,1.0,0.0,C1
0.0,1.0,0.0,0.0,0.0,0.0,1.0,0.0,1.0,0.0,0.0,0.0,3.0,0.0,0.0,0.0,1.0,0.0,0.0,0.0,DE
1.0,2.0,0.0,1.0,1.0,1.0,0.0,0.0,1.0,0.0,1.0,0.0,2.0,0.0,1.0,1.0,1.0,0.0,1.0,0.0,B2
1.0,2.0,0.0,1.0,1.0,1.0,0.0,0.0,1.0,0.0,1.0,0.0,3.0,1.0,0.0,0.0,1.0,0.0,1.0,0.0,C1
1.0,2.0,0.0,0.0,1.0,0.0,1.0,0.0,0.0,0.0,0.0,0.0,3.0,0.0,0.0,0.0,1.0,0.0,0.0,0.0,C2
0.0,1.0,0.0,0.0,1.0,0.0,1.0,0.0,0.0,0.0,0.0,0.0,1.0,1.0,0.0,0.0,1.0,0.0,0.0,0.0,DE
1.0,2.0,0.0,0.0,1.0,0.0,1.0,0.0,0.0,0.0,0.0,0.0,3.0,1.0,0.0,0.0,1.0,0.0,0.0,0.0,C2
0.0,1.0,0.0,0.0,1.0,0.0,0.0,0.0,0.0,0.0,0.0,0.0,2.0,0.0,0.0,0.0,1.0,0.0,0.0,0.0,C2
1.0,2.0,0.0,1.0,1.0,1.0,1.0,0.0,0.0,1.0,1.0,0.0,2.0,1.0,1.0,1.0,3.0,1.0,0.0,0.0,C1
1.0,2.0,0.0,1.0,1.0,1.0,1.0,0.0,1.0,0.0,0.0,0.0,2.0,0.0,0.0,0.0,1.0,0.0,0.0,0.0,C1
1.0,2.0,0.0,0.0,1.0,0.0,1.0,0.0,0.0,0.0,0.0,0.0,2.0,0.0,1.0,0.0,1.0,0.0,0.0,0.0,C2
0.0,2.0,0.0,0.0,0.0,0.0,0.0,0.0,1.0,0.0,0.0,0.0,2.0,0.0,0.0,0.0,1.0,0.0,1.0,0.0,DE
0.0,1.0,0.0,0.0,0.0,0.0,1.0,0.0,0.0,0.0,0.0,0.0,6.0,0.0,1.0,0.0,1.0,0.0,0.0,0.0,DE
1.0,1.0,0.0,0.0,0.0,0.0,1.0,0.0,0.0,0.0,0.0,0.0,1.0,0.0,0.0,0.0,1.0,0.0,0.0,0.0,DE
1.0,1.0,0.0,0.0,1.0,1.0,0.0,0.0,1.0,0.0,0.0,0.0,3.0,0.0,0.0,1.0,1.0,0.0,1.0,0.0,C1
0.0,1.0,0.0,0.0,1.0,0.0,0.0,0.0,0.0,0.0,0.0,0.0,2.0,0.0,0.0,0.0,1.0,0.0,1.0,0.0,DE
0.0,1.0,0.0,0.0,1.0,1.0,0.0,0.0,1.0,1.0,0.0,0.0,6.0,0.0,0.0,1.0,1.0,0.0,1.0,0.0,C1
0.0,1.0,0.0,0.0,1.0,0.0,0.0,0.0,0.0,0.0,0.0,0.0,4.0,0.0,0.0,0.0,1.0,0.0,1.0,0.0,C2
0.0,1.0,0.0,0.0,1.0,0.0,0.0,0.0,0.0,0.0,0.0,0.0,5.0,0.0,0.0,0.0,1.0,0.0,1.0,0.0,C2
2.0,4.0,0.0,1.0,2.0,3.0,0.0,0.0,2.0,1.0,1.0,0.0,5.0,0.0,0.0,1.0,3.0,0.0,2.0,0.0,A
0.0,1.0,0.0,0.0,1.0,1.0,1.0,0.0,1.0,0.0,0.0,0.0,4.0,0.0,0.0,0.0,2.0,0.0,0.0,0.0,C2
0.0,1.0,0.0,0.0,1.0,0.0,0.0,0.0,1.0,0.0,0.0,0.0,6.0,0.0,0.0,0.0,1.0,0.0,1.0,0.0,C1
1.0,1.0,0.0,0.0,1.0,0.0,1.0,0.0,1.0,0.0,0.0,0.0,2.0,0.0,0.0,0.0,1.0,0.0,0.0,0.0,C1
0.0,1.0,0.0,0.0,1.0,0.0,0.0,0.0,0.0,0.0,0.0,0.0,4.0,0.0,0.0,0.0,1.0,0.0,1.0,0.0,DE
0.0,1.0,0.0,0.0,0.0,0.0,1.0,0.0,0.0,0.0,0.0,0.0,4.0,0.0,0.0,0.0,1.0,0.0,0.0,0.0,C2
1.0,2.0,0.0,0.0,1.0,1.0,0.0,0.0,2.0,0.0,1.0,0.0,3.0,1.0,0.0,1.0,1.0,0.0,1.0,0.0,B2
1.0,2.0,0.0,1.0,1.0,1.0,0.0,0.0,1.0,0.0,1.0,0.0,3.0,0.0,0.0,1.0,2.0,0.0,1.0,0.0,C1
1.0,2.0,0.0,1.0,1.0,1.0,0.0,0.0,1.0,0.0,1.0,0.0,2.0,0.0,1.0,0.0,1.0,0.0,0.0,0.0,C1
1.0,2.0,0.0,1.0,1.0,0.0,0.0,0.0,1.0,0.0,0.0,0.0,2.0,1.0,0.0,0.0,1.0,0.0,0.0,0.0,C2
0.0,1.0,0.0,0.0,0.0,0.0,0.0,0.0,0.0,0.0,0.0,0.0,2.0,0.0,0.0,0.0,1.0,0.0,0.0,0.0,DE
0.0,1.0,0.0,1.0,1.0,1.0,1.0,0.0,1.0,0.0,0.0,0.0,4.0,0.0,0.0,1.0,2.0,0.0,0.0,0.0,C1
0.0,1.0,0.0,0.0,1.0,1.0,1.0,0.0,1.0,0.0,0.0,0.0,2.0,0.0,0.0,1.0,1.0,0.0,0.0,0.0,C2
0.0,1.0,0.0,0.0,1.0,1.0,1.0,0.0,0.0,0.0,0.0,0.0,3.0,0.0,0.0,0.0,1.0,0.0,0.0,0.0,C1
1.0,1.0,0.0,0.0,1.0,1.0,1.0,0.0,0.0,1.0,0.0,0.0,6.0,0.0,1.0,1.0,1.0,0.0,0.0,0.0,B2
1.0,2.0,0.0,0.0,1.0,1.0,1.0,0.0,1.0,1.0,0.0,0.0,3.0,0.0,1.0,1.0,1.0,0.0,0.0,0.0,C1
1.0,1.0,0.0,1.0,1.0,1.0,0.0,0.0,1.0,0.0,0.0,0.0,5.0,0.0,0.0,1.0,1.0,0.0,1.0,0.0,B2
1.0,1.0,0.0,0.0,1.0,1.0,1.0,0.0,1.0,0.0,0.0,0.0,3.0,0.0,0.0,0.0,1.0,0.0,0.0,0.0,B2
1.0,1.0,0.0,0.0,1.0,1.0,0.0,0.0,1.0,1.0,0.0,0.0,1.0,1.0,0.0,0.0,1.0,0.0,1.0,0.0,B2
1.0,1.0,0.0,1.0,1.0,1.0,0.0,0.0,1.0,1.0,0.0,0.0,1.0,0.0,0.0,1.0,1.0,0.0,1.0,0.0,B2
0.0,1.0,0.0,0.0,1.0,1.0,0.0,0.0,1.0,0.0,0.0,0.0,3.0,0.0,0.0,0.0,1.0,0.0,1.0,0.0,C1
1.0,3.0,0.0,1.0,1.0,1.0,1.0,0.0,1.0,1.0,1.0,0.0,3.0,2.0,1.0,1.0,2.0,0.0,0.0,0.0,B2
0.0,1.0,0.0,0.0,1.0,1.0,0.0,0.0,1.0,0.0,0.0,0.0,2.0,0.0,0.0,0.0,1.0,0.0,1.0,0.0,C1
1.0,2.0,0.0,0.0,1.0,1.0,0.0,0.0,1.0,0.0,1.0,0.0,3.0,1.0,0.0,0.0,1.0,1.0,1.0,0.0,C1
1.0,4.0,0.0,0.0,1.0,1.0,1.0,0.0,1.0,0.0,1.0,0.0,2.0,1.0,1.0,1.0,2.0,1.0,0.0,0.0,C1
1.0,4.0,0.0,1.0,1.0,1.0,1.0,0.0,1.0,1.0,2.0,0.0,5.0,3.0,1.0,1.0,2.0,1.0,0.0,0.0,C1
1.0,5.0,0.0,0.0,1.0,0.0,1.0,0.0,1.0,1.0,1.0,0.0,5.0,0.0,1.0,1.0,1.0,0.0,0.0,0.0,C1
1.0,2.0,0.0,0.0,1.0,1.0,0.0,0.0,1.0,0.0,1.0,0.0,2.0,0.0,0.0,0.0,1.0,1.0,1.0,0.0,C1
1.0,5.0,0.0,0.0,1.0,1.0,0.0,0.0,1.0,0.0,2.0,0.0,6.0,3.0,1.0,1.0,2.0,1.0,1.0,0.0,C1
1.0,2.0,0.0,1.0,1.0,1.0,1.0,0.0,1.0,1.0,1.0,0.0,2.0,3.0,1.0,1.0,2.0,1.0,0.0,0.0,B2
1.0,3.0,0.0,1.0,1.0,1.0,0.0,0.0,1.0,1.0,1.0,0.0,4.0,2.0,1.0,1.0,3.0,1.0,1.0,0.0,B1
1.0,3.0,0.0,0.0,1.0,0.0,2.0,0.0,1.0,0.0,0.0,0.0,5.0,1.0,0.0,0.0,1.0,0.0,0.0,0.0,C1
1.0,2.0,0.0,0.0,1.0,1.0,0.0,0.0,1.0,0.0,1.0,0.0,3.0,0.0,0.0,0.0,1.0,1.0,1.0,0.0,B2
1.0,4.0,0.0,1.0,1.0,1.0,1.0,0.0,1.0,1.0,2.0,0.0,5.0,2.0,1.0,1.0,2.0,1.0,0.0,0.0,B1
1.0,1.0,0.0,0.0,1.0,0.0,0.0,0.0,1.0,0.0,0.0,0.0,6.0,0.0,1.0,0.0,2.0,0.0,0.0,0.0,C1
1.0,1.0,0.0,0.0,1.0,1.0,1.0,0.0,1.0,0.0,0.0,0.0,4.0,0.0,0.0,0.0,1.0,0.0,0.0,0.0,C1
1.0,1.0,0.0,1.0,1.0,1.0,0.0,0.0,1.0,1.0,0.0,0.0,3.0,0.0,0.0,0.0,2.0,0.0,1.0,0.0,C1
0.0,1.0,0.0,0.0,0.0,0.0,0.0,0.0,0.0,0.0,0.0,0.0,2.0,0.0,0.0,0.0,1.0,0.0,0.0,0.0,DE
0.0,1.0,0.0,0.0,1.0,1.0,0.0,0.0,0.0,0.0,0.0,0.0,2.0,0.0,0.0,0.0,1.0,0.0,1.0,0.0,C1
1.0,1.0,0.0,0.0,1.0,1.0,1.0,0.0,1.0,1.0,0.0,0.0,4.0,0.0,1.0,1.0,1.0,0.0,0.0,0.0,B2
0.0,1.0,0.0,0.0,1.0,1.0,0.0,0.0,1.0,0.0,0.0,0.0,5.0,0.0,0.0,1.0,1.0,0.0,1.0,0.0,C1
0.0,1.0,0.0,0.0,0.0,0.0,0.0,0.0,0.0,0.0,0.0,0.0,3.0,0.0,0.0,0.0,1.0,0.0,1.0,0.0,DE
1.0,1.0,0.0,1.0,1.0,1.0,0.0,0.0,1.0,0.0,0.0,0.0,3.0,0.0,1.0,0.0,1.0,0.0,1.0,0.0,B2
1.0,1.0,0.0,0.0,1.0,2.0,0.0,0.0,1.0,0.0,0.0,0.0,4.0,0.0,0.0,0.0,2.0,0.0,1.0,0.0,B2
0.0,1.0,0.0,0.0,0.0,1.0,0.0,0.0,0.0,0.0,0.0,0.0,1.0,0.0,0.0,0.0,1.0,0.0,1.0,0.0,C2
0.0,1.0,0.0,0.0,1.0,1.0,0.0,0.0,0.0,0.0,0.0,0.0,4.0,0.0,0.0,0.0,1.0,0.0,1.0,0.0,C2
1.0,1.0,0.0,0.0,1.0,1.0,0.0,0.0,1.0,0.0,0.0,0.0,2.0,0.0,0.0,0.0,1.0,1.0,1.0,0.0,B2
0.0,1.0,0.0,0.0,0.0,1.0,1.0,0.0,0.0,0.0,0.0,0.0,2.0,0.0,0.0,0.0,1.0,0.0,0.0,0.0,C2
1.0,1.0,0.0,1.0,1.0,1.0,0.0,0.0,0.0,1.0,0.0,0.0,4.0,0.0,1.0,0.0,1.0,0.0,1.0,0.0,C1
0.0,0.0,0.0,0.0,1.0,0.0,0.0,0.0,1.0,0.0,0.0,0.0,2.0,0.0,1.0,1.0,1.0,0.0,1.0,0.0,C2
1.0,1.0,0.0,0.0,0.0,0.0,0.0,0.0,1.0,0.0,0.0,0.0,3.0,0.0,0.0,1.0,1.0,0.0,1.0,0.0,C2
0.0,0.0,0.0,0.0,1.0,0.0,0.0,0.0,1.0,1.0,0.0,0.0,3.0,0.0,0.0,0.0,1.0,0.0,1.0,0.0,C1
0.0,1.0,0.0,0.0,0.0,0.0,0.0,0.0,0.0,0.0,0.0,0.0,1.0,0.0,0.0,0.0,1.0,0.0,0.0,0.0,DE
1.0,1.0,0.0,0.0,0.0,0.0,0.0,0.0,1.0,1.0,0.0,0.0,3.0,0.0,0.0,0.0,1.0,0.0,1.0,0.0,C2
0.0,1.0,0.0,0.0,1.0,0.0,1.0,0.0,1.0,0.0,0.0,0.0,3.0,0.0,0.0,0.0,1.0,0.0,0.0,0.0,C2
0.0,1.0,0.0,1.0,1.0,0.0,0.0,0.0,1.0,0.0,0.0,0.0,1.0,0.0,1.0,0.0,1.0,0.0,1.0,0.0,DE
0.0,3.0,0.0,0.0,1.0,0.0,1.0,0.0,1.0,0.0,0.0,0.0,7.0,0.0,0.0,0.0,2.0,0.0,0.0,0.0,DE
1.0,2.0,0.0,1.0,1.0,0.0,1.0,0.0,1.0,0.0,0.0,0.0,3.0,2.0,1.0,1.0,1.0,0.0,0.0,0.0,C1
0.0,2.0,0.0,0.0,0.0,0.0,0.0,0.0,1.0,0.0,0.0,0.0,2.0,0.0,0.0,0.0,1.0,0.0,1.0,0.0,C2
1.0,2.0,0.0,0.0,1.0,0.0,0.0,0.0,1.0,0.0,0.0,0.0,2.0,0.0,0.0,0.0,1.0,0.0,1.0,0.0,C1
1.0,4.0,0.0,1.0,1.0,0.0,0.0,0.0,1.0,0.0,0.0,0.0,4.0,2.0,1.0,0.0,1.0,0.0,1.0,0.0,C2
1.0,2.0,0.0,1.0,1.0,0.0,0.0,0.0,1.0,0.0,0.0,0.0,3.0,0.0,0.0,1.0,1.0,0.0,1.0,0.0,C2
1.0,3.0,1.0,1.0,1.0,1.0,0.0,1.0,1.0,0.0,0.0,0.0,5.0,0.0,0.0,0.0,1.0,0.0,1.0,0.0,C1
0.0,1.0,0.0,0.0,1.0,0.0,0.0,0.0,1.0,0.0,0.0,0.0,2.0,0.0,0.0,0.0,1.0,0.0,1.0,0.0,DE
1.0,2.0,0.0,0.0,1.0,0.0,1.0,0.0,1.0,0.0,0.0,0.0,3.0,1.0,0.0,0.0,1.0,0.0,0.0,0.0,C2
1.0,3.0,0.0,0.0,1.0,0.0,0.0,0.0,1.0,0.0,1.0,0.0,3.0,2.0,0.0,0.0,2.0,1.0,0.0,0.0,C1
1.0,2.0,0.0,0.0,1.0,0.0,1.0,0.0,0.0,1.0,0.0,0.0,3.0,0.0,1.0,0.0,1.0,0.0,0.0,0.0,C2
0.0,1.0,0.0,0.0,1.0,0.0,0.0,0.0,0.0,0.0,0.0,0.0,2.0,0.0,0.0,0.0,1.0,0.0,0.0,0.0,DE
1.0,3.0,0.0,0.0,1.0,1.0,1.0,0.0,1.0,1.0,1.0,0.0,5.0,3.0,1.0,1.0,3.0,1.0,0.0,0.0,B2
1.0,3.0,0.0,1.0,1.0,1.0,0.0,0.0,1.0,0.0,1.0,0.0,3.0,2.0,1.0,1.0,2.0,1.0,1.0,0.0,C1
1.0,3.0,0.0,0.0,1.0,1.0,0.0,0.0,0.0,1.0,1.0,0.0,3.0,2.0,1.0,1.0,2.0,1.0,1.0,0.0,C1
1.0,2.0,0.0,0.0,1.0,0.0,1.0,0.0,1.0,0.0,0.0,0.0,2.0,0.0,0.0,0.0,1.0,0.0,0.0,0.0,C2
1.0,2.0,1.0,0.0,1.0,1.0,1.0,0.0,1.0,1.0,0.0,0.0,2.0,1.0,0.0,0.0,2.0,0.0,0.0,0.0,C1
1.0,3.0,1.0,1.0,1.0,2.0,0.0,1.0,2.0,1.0,0.0,1.0,3.0,1.0,1.0,0.0,3.0,1.0,0.0,1.0,B1
1.0,0.0,1.0,0.0,1.0,1.0,0.0,0.0,1.0,1.0,0.0,1.0,4.0,1.0,0.0,0.0,2.0,1.0,1.0,0.0,C1
1.0,2.0,1.0,0.0,1.0,0.0,0.0,0.0,0.0,0.0,0.0,0.0,2.0,1.0,0.0,0.0,1.0,0.0,1.0,0.0,C2
0.0,1.0,1.0,0.0,1.0,0.0,1.0,0.0,0.0,0.0,0.0,0.0,1.0,0.0,0.0,0.0,1.0,0.0,0.0,0.0,C2
0.0,2.0,1.0,0.0,1.0,1.0,1.0,0.0,1.0,0.0,0.0,0.0,3.0,0.0,1.0,0.0,2.0,0.0,0.0,1.0,C1
1.0,2.0,0.0,0.0,1.0,0.0,0.0,0.0,1.0,1.0,0.0,0.0,2.0,1.0,0.0,0.0,2.0,0.0,0.0,0.0,B2
0.0,2.0,1.0,1.0,1.0,0.0,1.0,0.0,1.0,1.0,1.0,0.0,3.0,0.0,1.0,0.0,1.0,0.0,0.0,0.0,C1
1.0,2.0,0.0,0.0,1.0,1.0,1.0,0.0,1.0,0.0,0.0,0.0,2.0,0.0,1.0,1.0,2.0,0.0,0.0,0.0,C1
0.0,2.0,1.0,0.0,1.0,1.0,1.0,0.0,1.0,1.0,1.0,0.0,4.0,1.0,0.0,1.0,2.0,1.0,0.0,1.0,C1
1.0,3.0,0.0,1.0,1.0,1.0,1.0,0.0,1.0,1.0,1.0,0.0,3.0,1.0,1.0,1.0,2.0,1.0,0.0,1.0,C1
1.0,2.0,2.0,0.0,1.0,0.0,1.0,0.0,1.0,1.0,0.0,0.0,4.0,0.0,1.0,0.0,3.0,0.0,0.0,1.0,C1
1.0,2.0,0.0,0.0,1.0,1.0,1.0,1.0,2.0,1.0,1.0,1.0,2.0,1.0,1.0,1.0,2.0,0.0,0.0,1.0,B2
1.0,2.0,0.0,1.0,1.0,0.0,1.0,0.0,1.0,0.0,0.0,0.0,3.0,0.0,1.0,0.0,2.0,1.0,0.0,0.0,C2
0.0,1.0,1.0,0.0,1.0,0.0,1.0,0.0,1.0,0.0,0.0,0.0,2.0,0.0,1.0,0.0,1.0,0.0,0.0,1.0,C2
1.0,2.0,0.0,0.0,1.0,1.0,1.0,0.0,1.0,1.0,0.0,1.0,2.0,1.0,1.0,0.0,2.0,0.0,0.0,0.0,C1
1.0,2.0,2.0,1.0,1.0,2.0,1.0,1.0,2.0,1.0,2.0,0.0,4.0,2.0,1.0,1.0,3.0,1.0,0.0,1.0,B1
1.0,3.0,0.0,1.0,1.0,2.0,1.0,1.0,1.0,1.0,1.0,0.0,3.0,1.0,0.0,1.0,2.0,0.0,0.0,1.0,B2
1.0,3.0,1.0,0.0,1.0,1.0,1.0,0.0,1.0,1.0,2.0,0.0,4.0,1.0,1.0,0.0,2.0,1.0,0.0,1.0,C1
1.0,2.0,0.0,0.0,1.0,1.0,1.0,1.0,1.0,1.0,1.0,1.0,2.0,1.0,1.0,1.0,2.0,0.0,0.0,1.0,B2
0.0,3.0,0.0,0.0,1.0,0.0,1.0,0.0,1.0,0.0,0.0,0.0,3.0,0.0,0.0,0.0,1.0,0.0,0.0,0.0,DE
1.0,2.0,0.0,1.0,1.0,1.0,1.0,0.0,1.0,0.0,1.0,0.0,3.0,1.0,0.0,1.0,3.0,0.0,0.0,0.0,B2
1.0,2.0,1.0,0.0,1.0,1.0,1.0,0.0,1.0,1.0,0.0,0.0,3.0,1.0,1.0,0.0,2.0,1.0,0.0,1.0,C1
0.0,3.0,1.0,0.0,0.0,0.0,1.0,0.0,1.0,0.0,0.0,0.0,4.0,0.0,1.0,0.0,2.0,0.0,0.0,0.0,DE
1.0,2.0,0.0,0.0,1.0,1.0,1.0,1.0,2.0,1.0,2.0,0.0,2.0,1.0,1.0,0.0,2.0,1.0,0.0,1.0,B2
0.0,3.0,0.0,0.0,1.0,0.0,1.0,0.0,1.0,0.0,0.0,0.0,5.0,0.0,0.0,0.0,2.0,0.0,0.0,0.0,DE
1.0,2.0,2.0,1.0,1.0,1.0,1.0,0.0,1.0,1.0,0.0,0.0,4.0,1.0,1.0,1.0,2.0,1.0,0.0,1.0,B2
1.0,3.0,0.0,1.0,1.0,2.0,1.0,1.0,1.0,0.0,1.0,0.0,3.0,2.0,0.0,1.0,2.0,0.0,0.0,1.0,B2
1.0,2.0,1.0,1.0,1.0,1.0,0.0,1.0,2.0,0.0,0.0,0.0,4.0,1.0,1.0,1.0,2.0,0.0,1.0,1.0,B2
1.0,2.0,1.0,1.0,1.0,2.0,0.0,1.0,2.0,0.0,0.0,1.0,2.0,1.0,0.0,0.0,2.0,1.0,1.0,1.0,A
1.0,4.0,1.0,0.0,1.0,1.0,0.0,0.0,2.0,0.0,0.0,1.0,5.0,1.0,0.0,0.0,2.0,0.0,1.0,0.0,B2
1.0,2.0,1.0,0.0,1.0,1.0,0.0,0.0,1.0,0.0,0.0,0.0,2.0,1.0,1.0,1.0,1.0,0.0,1.0,1.0,B2
1.0,2.0,1.0,0.0,1.0,0.0,0.0,0.0,1.0,0.0,0.0,0.0,2.0,0.0,0.0,0.0,1.0,0.0,1.0,0.0,C1
0.0,2.0,0.0,0.0,1.0,0.0,0.0,0.0,0.0,0.0,0.0,0.0,4.0,0.0,0.0,1.0,1.0,0.0,1.0,0.0,DE
0.0,1.0,0.0,0.0,0.0,0.0,0.0,0.0,1.0,0.0,0.0,0.0,1.0,0.0,0.0,0.0,1.0,0.0,1.0,0.0,DE
1.0,1.0,0.0,1.0,1.0,0.0,1.0,0.0,0.0,1.0,0.0,0.0,2.0,1.0,1.0,0.0,1.0,0.0,0.0,1.0,C1
0.0,2.0,0.0,0.0,0.0,0.0,0.0,0.0,0.0,0.0,0.0,0.0,3.0,0.0,0.0,0.0,1.0,0.0,0.0,0.0,DE
1.0,2.0,1.0,0.0,1.0,0.0,1.0,0.0,0.0,0.0,0.0,0.0,2.0,1.0,0.0,0.0,2.0,0.0,0.0,0.0,C2
1.0,4.0,1.0,1.0,1.0,2.0,0.0,0.0,2.0,1.0,1.0,1.0,4.0,2.0,1.0,1.0,3.0,1.0,1.0,1.0,B1
1.0,2.0,1.0,1.0,1.0,1.0,0.0,1.0,2.0,1.0,1.0,0.0,3.0,1.0,0.0,0.0,3.0,0.0,0.0,1.0,B1
1.0,2.0,0.0,0.0,1.0,1.0,0.0,1.0,2.0,1.0,0.0,1.0,2.0,1.0,0.0,1.0,2.0,1.0,0.0,0.0,C1
0.0,3.0,0.0,0.0,1.0,0.0,1.0,0.0,1.0,0.0,1.0,0.0,3.0,0.0,1.0,1.0,2.0,0.0,0.0,0.0,C2
1.0,3.0,0.0,0.0,1.0,0.0,0.0,0.0,0.0,1.0,0.0,0.0,3.0,0.0,0.0,0.0,1.0,0.0,1.0,0.0,C2
1.0,2.0,0.0,1.0,1.0,0.0,1.0,0.0,1.0,1.0,0.0,0.0,2.0,0.0,1.0,1.0,1.0,0.0,0.0,0.0,C2
1.0,2.0,0.0,0.0,1.0,1.0,1.0,0.0,1.0,0.0,1.0,0.0,2.0,0.0,0.0,0.0,1.0,0.0,0.0,0.0,C2
1.0,2.0,0.0,0.0,1.0,0.0,1.0,0.0,0.0,0.0,1.0,0.0,2.0,1.0,1.0,0.0,1.0,0.0,0.0,0.0,C2
0.0,2.0,0.0,0.0,1.0,0.0,1.0,0.0,0.0,0.0,1.0,0.0,2.0,0.0,1.0,1.0,1.0,0.0,0.0,0.0,DE
0.0,3.0,0.0,0.0,1.0,0.0,1.0,0.0,1.0,0.0,0.0,0.0,5.0,0.0,0.0,0.0,1.0,0.0,0.0,0.0,C2
0.0,2.0,0.0,0.0,1.0,0.0,1.0,0.0,0.0,0.0,0.0,0.0,4.0,0.0,0.0,0.0,1.0,0.0,0.0,0.0,DE
1.0,2.0,0.0,0.0,1.0,0.0,1.0,0.0,1.0,0.0,0.0,0.0,3.0,1.0,0.0,0.0,1.0,0.0,0.0,0.0,C2
1.0,5.0,0.0,1.0,1.0,1.0,1.0,0.0,1.0,0.0,1.0,0.0,6.0,3.0,1.0,0.0,2.0,1.0,0.0,0.0,B2
1.0,4.0,0.0,0.0,1.0,0.0,1.0,0.0,1.0,0.0,0.0,0.0,5.0,2.0,1.0,1.0,2.0,0.0,0.0,0.0,C1
0.0,2.0,0.0,0.0,1.0,0.0,0.0,0.0,0.0,0.0,0.0,0.0,2.0,0.0,1.0,1.0,1.0,0.0,1.0,0.0,DE
1.0,5.0,0.0,0.0,1.0,1.0,1.0,0.0,1.0,1.0,0.0,0.0,5.0,0.0,1.0,0.0,2.0,1.0,0.0,0.0,B2
1.0,1.0,0.0,0.0,1.0,0.0,1.0,0.0,0.0,0.0,0.0,0.0,1.0,0.0,0.0,0.0,1.0,0.0,0.0,0.0,C2
0.0,2.0,0.0,0.0,1.0,0.0,1.0,0.0,0.0,0.0,0.0,0.0,2.0,0.0,0.0,0.0,1.0,0.0,0.0,0.0,C2
1.0,3.0,0.0,1.0,1.0,1.0,0.0,0.0,1.0,1.0,1.0,0.0,3.0,3.0,1.0,1.0,3.0,1.0,1.0,0.0,B2
1.0,4.0,0.0,0.0,1.0,1.0,1.0,0.0,1.0,0.0,1.0,0.0,4.0,3.0,0.0,0.0,3.0,1.0,0.0,0.0,B1
1.0,2.0,0.0,0.0,1.0,1.0,0.0,0.0,2.0,0.0,0.0,0.0,2.0,1.0,1.0,1.0,2.0,1.0,1.0,0.0,C1
1.0,2.0,0.0,0.0,1.0,0.0,1.0,0.0,1.0,0.0,1.0,0.0,2.0,0.0,0.0,1.0,1.0,0.0,0.0,0.0,C1
1.0,2.0,0.0,0.0,1.0,0.0,0.0,0.0,1.0,0.0,0.0,0.0,2.0,0.0,1.0,1.0,1.0,0.0,1.0,0.0,C2
0.0,0.0,0.0,1.0,1.0,0.0,1.0,0.0,0.0,0.0,0.0,0.0,3.0,0.0,1.0,1.0,1.0,0.0,0.0,0.0,DE
1.0,2.0,0.0,1.0,1.0,1.0,1.0,1.0,1.0,1.0,2.0,1.0,2.0,1.0,1.0,0.0,2.0,0.0,0.0,1.0,B2
1.0,2.0,0.0,0.0,0.0,0.0,1.0,0.0,1.0,0.0,0.0,0.0,3.0,0.0,1.0,1.0,2.0,0.0,0.0,0.0,DE
1.0,2.0,0.0,0.0,1.0,1.0,1.0,0.0,1.0,0.0,0.0,0.0,2.0,1.0,1.0,0.0,2.0,1.0,0.0,1.0,C1
0.0,3.0,1.0,0.0,1.0,0.0,1.0,0.0,1.0,2.0,0.0,1.0,4.0,0.0,1.0,1.0,2.0,0.0,0.0,1.0,C2
1.0,2.0,0.0,0.0,1.0,1.0,1.0,0.0,1.0,1.0,2.0,0.0,2.0,1.0,1.0,1.0,2.0,1.0,0.0,1.0,C1
1.0,1.0,0.0,0.0,1.0,0.0,1.0,0.0,1.0,0.0,1.0,0.0,1.0,0.0,1.0,1.0,1.0,0.0,0.0,1.0,C2
1.0,4.0,0.0,1.0,1.0,1.0,1.0,1.0,1.0,1.0,2.0,2.0,4.0,1.0,1.0,1.0,2.0,0.0,0.0,1.0,B2
0.0,3.0,0.0,1.0,1.0,2.0,1.0,1.0,1.0,1.0,2.0,0.0,3.0,2.0,1.0,1.0,2.0,1.0,0.0,1.0,B1
0.0,1.0,0.0,1.0,1.0,0.0,0.0,0.0,1.0,0.0,0.0,0.0,1.0,1.0,1.0,0.0,2.0,0.0,0.0,0.0,C2
1.0,1.0,0.0,0.0,1.0,1.0,1.0,0.0,1.0,0.0,0.0,0.0,1.0,1.0,0.0,0.0,2.0,0.0,0.0,1.0,C1
1.0,2.0,1.0,0.0,1.0,1.0,0.0,1.0,1.0,1.0,0.0,0.0,2.0,1.0,0.0,0.0,2.0,0.0,0.0,1.0,B2
0.0,1.0,0.0,0.0,0.0,0.0,0.0,0.0,0.0,0.0,0.0,0.0,1.0,0.0,0.0,0.0,1.0,0.0,0.0,0.0,DE
1.0,2.0,1.0,1.0,1.0,1.0,0.0,1.0,1.0,1.0,1.0,0.0,3.0,1.0,0.0,0.0,2.0,0.0,0.0,1.0,C1
1.0,2.0,0.0,1.0,1.0,1.0,1.0,1.0,1.0,1.0,0.0,1.0,2.0,1.0,0.0,1.0,2.0,1.0,0.0,1.0,B2
1.0,4.0,1.0,1.0,1.0,2.0,0.0,0.0,2.0,1.0,1.0,1.0,4.0,2.0,1.0,1.0,4.0,1.0,1.0,1.0,A
0.0,2.0,0.0,0.0,1.0,0.0,1.0,1.0,1.0,0.0,0.0,0.0,1.0,1.0,0.0,0.0,2.0,0.0,0.0,0.0,C2
0.0,2.0,0.0,0.0,0.0,0.0,1.0,0.0,1.0,0.0,0.0,0.0,2.0,0.0,1.0,0.0,2.0,0.0,0.0,0.0,DE
1.0,4.0,0.0,1.0,1.0,1.0,1.0,1.0,2.0,1.0,1.0,0.0,4.0,1.0,1.0,1.0,2.0,1.0,0.0,1.0,B2
1.0,1.0,0.0,0.0,0.0,0.0,1.0,0.0,1.0,0.0,0.0,0.0,1.0,0.0,1.0,0.0,1.0,0.0,0.0,0.0,C2
1.0,2.0,1.0,1.0,1.0,1.0,1.0,0.0,1.0,1.0,0.0,1.0,3.0,1.0,1.0,0.0,3.0,0.0,0.0,1.0,B2
1.0,3.0,0.0,0.0,1.0,1.0,1.0,1.0,2.0,1.0,2.0,0.0,2.0,2.0,1.0,1.0,2.0,1.0,0.0,1.0,B2
1.0,3.0,0.0,0.0,1.0,0.0,1.0,0.0,1.0,0.0,0.0,1.0,3.0,1.0,1.0,0.0,1.0,0.0,0.0,1.0,C1
1.0,2.0,0.0,1.0,1.0,1.0,1.0,1.0,1.0,0.0,1.0,1.0,2.0,0.0,1.0,0.0,1.0,0.0,0.0,1.0,C1
1.0,2.0,2.0,0.0,1.0,1.0,1.0,1.0,1.0,1.0,1.0,0.0,4.0,1.0,0.0,1.0,2.0,1.0,0.0,1.0,C1
0.0,2.0,0.0,1.0,0.0,0.0,0.0,0.0,1.0,0.0,0.0,0.0,3.0,0.0,1.0,0.0,2.0,0.0,1.0,0.0,DE
0.0,2.0,0.0,0.0,1.0,0.0,1.0,0.0,1.0,1.0,1.0,0.0,2.0,0.0,1.0,0.0,1.0,0.0,0.0,0.0,C2
0.0,1.0,0.0,0.0,0.0,0.0,1.0,0.0,1.0,0.0,0.0,0.0,1.0,0.0,1.0,0.0,1.0,0.0,0.0,0.0,DE
1.0,3.0,0.0,1.0,0.0,0.0,1.0,1.0,2.0,0.0,0.0,1.0,3.0,0.0,1.0,2.0,2.0,0.0,0.0,1.0,C1
1.0,2.0,0.0,0.0,1.0,0.0,1.0,0.0,1.0,0.0,1.0,0.0,3.0,0.0,0.0,0.0,1.0,0.0,0.0,0.0,C1
1.0,4.0,0.0,0.0,1.0,1.0,1.0,0.0,1.0,0.0,2.0,0.0,4.0,1.0,1.0,0.0,2.0,1.0,0.0,1.0,C1
0.0,1.0,0.0,1.0,0.0,0.0,1.0,0.0,1.0,0.0,1.0,0.0,2.0,0.0,0.0,2.0,1.0,0.0,0.0,1.0,DE
1.0,4.0,0.0,0.0,0.0,0.0,1.0,0.0,1.0,1.0,0.0,1.0,2.0,1.0,1.0,0.0,1.0,0.0,0.0,0.0,C2
1.0,3.0,0.0,1.0,1.0,0.0,1.0,0.0,1.0,0.0,1.0,1.0,3.0,0.0,1.0,1.0,2.0,0.0,0.0,1.0,C2
1.0,3.0,0.0,1.0,1.0,1.0,0.0,0.0,1.0,1.0,1.0,0.0,3.0,3.0,1.0,1.0,3.0,1.0,1.0,0.0,B2
0.0,1.0,0.0,0.0,0.0,0.0,1.0,0.0,0.0,0.0,0.0,0.0,1.0,0.0,0.0,0.0,1.0,0.0,0.0,0.0,DE
1.0,2.0,0.0,1.0,1.0,0.0,1.0,0.0,1.0,0.0,1.0,0.0,2.0,1.0,1.0,1.0,2.0,0.0,0.0,0.0,C1
1.0,1.0,0.0,0.0,1.0,0.0,1.0,0.0,0.0,0.0,1.0,0.0,2.0,0.0,0.0,0.0,1.0,0.0,0.0,1.0,C2
1.0,2.0,0.0,0.0,1.0,0.0,1.0,0.0,8.0,0.0,1.0,0.0,2.0,0.0,0.0,1.0,1.0,0.0,0.0,1.0,C1
1.0,3.0,0.0,0.0,1.0,0.0,1.0,0.0,1.0,0.0,1.0,0.0,3.0,1.0,0.0,0.0,2.0,0.0,0.0,0.0,C1
0.0,1.0,0.0,0.0,1.0,0.0,1.0,0.0,0.0,0.0,0.0,0.0,1.0,0.0,0.0,0.0,1.0,0.0,0.0,0.0,DE
0.0,1.0,0.0,0.0,1.0,0.0,1.0,0.0,0.0,0.0,0.0,0.0,1.0,0.0,0.0,0.0,1.0,0.0,0.0,0.0,DE
0.0,2.0,0.0,1.0,1.0,0.0,1.0,0.0,1.0,0.0,1.0,0.0,2.0,0.0,1.0,1.0,2.0,0.0,0.0,0.0,C2
0.0,4.0,0.0,1.0,1.0,0.0,1.0,0.0,1.0,1.0,1.0,0.0,5.0,0.0,1.0,1.0,2.0,0.0,0.0,0.0,B2
0.0,3.0,0.0,1.0,1.0,0.0,0.0,0.0,1.0,1.0,2.0,0.0,3.0,0.0,1.0,1.0,2.0,0.0,1.0,1.0,C1
1.0,3.0,0.0,0.0,1.0,0.0,1.0,0.0,1.0,0.0,1.0,0.0,2.0,0.0,1.0,1.0,1.0,0.0,0.0,1.0,C2
0.0,1.0,0.0,0.0,1.0,0.0,0.0,0.0,0.0,0.0,0.0,0.0,1.0,0.0,0.0,0.0,1.0,0.0,0.0,0.0,DE
1.0,3.0,0.0,1.0,1.0,0.0,1.0,0.0,1.0,1.0,1.0,0.0,3.0,0.0,1.0,1.0,1.0,0.0,0.0,1.0,C2
1.0,3.0,0.0,0.0,1.0,0.0,1.0,0.0,1.0,0.0,1.0,0.0,3.0,0.0,0.0,0.0,1.0,0.0,0.0,0.0,C1
0.0,2.0,0.0,0.0,1.0,0.0,0.0,0.0,1.0,0.0,1.0,0.0,2.0,0.0,0.0,0.0,1.0,0.0,1.0,1.0,C2
0.0,2.0,0.0,0.0,0.0,0.0,0.0,0.0,0.0,0.0,0.0,0.0,1.0,0.0,0.0,1.0,1.0,0.0,1.0,1.0,DE
1.0,3.0,0.0,0.0,1.0,0.0,0.0,0.0,1.0,0.0,0.0,0.0,4.0,1.0,0.0,0.0,1.0,0.0,0.0,0.0,C1
1.0,0.0,0.0,1.0,1.0,2.0,1.0,0.0,2.0,1.0,0.0,1.0,3.0,1.0,1.0,0.0,2.0,0.0,0.0,1.0,B1
1.0,3.0,1.0,0.0,1.0,1.0,1.0,1.0,1.0,1.0,0.0,0.0,2.0,1.0,0.0,0.0,2.0,0.0,0.0,1.0,B2
1.0,3.0,0.0,1.0,1.0,1.0,0.0,0.0,2.0,0.0,0.0,0.0,3.0,1.0,1.0,1.0,2.0,0.0,1.0,0.0,B2
1.0,2.0,1.0,0.0,1.0,1.0,0.0,0.0,1.0,0.0,0.0,0.0,2.0,1.0,0.0,0.0,2.0,0.0,0.0,1.0,C1
1.0,3.0,1.0,1.0,1.0,0.0,0.0,0.0,1.0,0.0,0.0,0.0,4.0,0.0,0.0,1.0,1.0,0.0,1.0,1.0,C1
1.0,0.0,1.0,0.0,1.0,0.0,1.0,0.0,1.0,1.0,0.0,0.0,3.0,0.0,0.0,0.0,1.0,0.0,0.0,1.0,C2
0.0,1.0,0.0,0.0,0.0,0.0,0.0,0.0,0.0,0.0,0.0,0.0,2.0,0.0,0.0,0.0,1.0,0.0,0.0,0.0,DE
0.0,2.0,0.0,1.0,1.0,0.0,0.0,0.0,1.0,0.0,0.0,0.0,2.0,0.0,0.0,0.0,1.0,0.0,1.0,0.0,C2
0.0,1.0,0.0,0.0,0.0,0.0,0.0,0.0,0.0,0.0,0.0,0.0,1.0,0.0,0.0,0.0,1.0,0.0,0.0,0.0,DE
1.0,1.0,1.0,0.0,1.0,0.0,1.0,0.0,1.0,0.0,0.0,0.0,2.0,1.0,1.0,0.0,1.0,0.0,0.0,1.0,C2
0.0,4.0,1.0,0.0,1.0,0.0,1.0,0.0,0.0,0.0,0.0,0.0,4.0,1.0,1.0,0.0,1.0,0.0,0.0,0.0,DE
1.0,2.0,0.0,0.0,1.0,1.0,0.0,0.0,1.0,1.0,0.0,0.0,3.0,1.0,0.0,0.0,2.0,1.0,0.0,0.0,C1
0.0,2.0,0.0,0.0,1.0,0.0,0.0,1.0,0.0,0.0,0.0,0.0,2.0,0.0,0.0,0.0,1.0,0.0,1.0,0.0,C2
0.0,2.0,0.0,0.0,1.0,0.0,0.0,0.0,0.0,0.0,0.0,0.0,2.0,0.0,0.0,0.0,1.0,0.0,0.0,0.0,DE
0.0,2.0,1.0,0.0,1.0,0.0,0.0,0.0,1.0,0.0,0.0,0.0,2.0,0.0,0.0,0.0,1.0,0.0,0.0,0.0,DE
1.0,2.0,1.0,0.0,1.0,0.0,0.0,1.0,0.0,1.0,0.0,0.0,3.0,0.0,0.0,0.0,1.0,0.0,0.0,0.0,C2
1.0,1.0,0.0,0.0,1.0,1.0,1.0,1.0,1.0,0.0,0.0,1.0,1.0,0.0,0.0,1.0,2.0,0.0,0.0,1.0,B2
1.0,2.0,0.0,1.0,1.0,1.0,0.0,0.0,1.0,1.0,0.0,0.0,2.0,0.0,2.0,0.0,2.0,1.0,0.0,1.0,C1
0.0,2.0,1.0,0.0,1.0,1.0,0.0,1.0,1.0,0.0,1.0,0.0,2.0,1.0,1.0,1.0,2.0,0.0,0.0,1.0,B2
1.0,2.0,0.0,0.0,1.0,1.0,0.0,1.0,1.0,0.0,1.0,0.0,2.0,1.0,0.0,0.0,2.0,0.0,1.0,1.0,B2
0.0,1.0,0.0,0.0,1.0,1.0,0.0,1.0,1.0,0.0,0.0,1.0,1.0,1.0,0.0,1.0,2.0,0.0,0.0,1.0,C1
1.0,3.0,1.0,1.0,1.0,1.0,1.0,0.0,1.0,1.0,0.0,0.0,2.0,1.0,1.0,0.0,2.0,1.0,1.0,1.0,B2
1.0,4.0,0.0,3.0,1.0,1.0,0.0,0.0,1.0,1.0,0.0,0.0,4.0,1.0,1.0,1.0,2.0,1.0,0.0,1.0,C1
1.0,4.0,0.0,1.0,1.0,2.0,0.0,1.0,2.0,1.0,0.0,1.0,5.0,2.0,1.0,1.0,3.0,1.0,0.0,1.0,A
1.0,0.0,1.0,0.0,1.0,2.0,0.0,1.0,2.0,0.0,0.0,0.0,3.0,1.0,1.0,1.0,3.0,1.0,1.0,1.0,B1
1.0,2.0,1.0,1.0,1.0,1.0,0.0,0.0,1.0,1.0,0.0,0.0,1.0,0.0,1.0,1.0,2.0,0.0,0.0,1.0,C1
1.0,2.0,0.0,0.0,1.0,0.0,0.0,1.0,1.0,0.0,0.0,0.0,3.0,0.0,0.0,1.0,2.0,0.0,1.0,1.0,C1
1.0,2.0,0.0,0.0,1.0,1.0,0.0,0.0,1.0,0.0,0.0,0.0,2.0,0.0,0.0,0.0,2.0,0.0,1.0,1.0,B2
1.0,1.0,0.0,1.0,1.0,0.0,0.0,1.0,1.0,0.0,0.0,0.0,1.0,0.0,1.0,0.0,2.0,0.0,0.0,0.0,B2
1.0,4.0,1.0,1.0,1.0,2.0,0.0,1.0,1.0,1.0,1.0,0.0,4.0,0.0,1.0,1.0,3.0,1.0,1.0,1.0,B1
1.0,2.0,0.0,0.0,1.0,1.0,0.0,0.0,1.0,1.0,0.0,0.0,2.0,0.0,1.0,0.0,2.0,0.0,1.0,1.0,B2
1.0,2.0,1.0,0.0,1.0,1.0,0.0,0.0,1.0,0.0,1.0,0.0,3.0,0.0,0.0,1.0,2.0,0.0,1.0,0.0,B2
1.0,2.0,0.0,1.0,1.0,1.0,0.0,1.0,2.0,1.0,1.0,0.0,2.0,0.0,0.0,1.0,2.0,1.0,0.0,1.0,B1
1.0,3.0,1.0,1.0,1.0,1.0,0.0,1.0,2.0,1.0,1.0,1.0,4.0,1.0,1.0,1.0,3.0,1.0,1.0,1.0,A
1.0,2.0,0.0,0.0,1.0,1.0,1.0,0.0,1.0,0.0,0.0,0.0,2.0,0.0,0.0,0.0,1.0,0.0,0.0,0.0,C1
0.0,1.0,0.0,1.0,1.0,0.0,0.0,0.0,0.0,0.0,0.0,0.0,2.0,0.0,0.0,0.0,1.0,0.0,0.0,0.0,DE
0.0,3.0,1.0,0.0,1.0,1.0,0.0,0.0,1.0,0.0,0.0,0.0,3.0,0.0,0.0,0.0,1.0,1.0,0.0,0.0,C1
1.0,2.0,1.0,0.0,0.0,0.0,0.0,0.0,0.0,0.0,0.0,0.0,3.0,0.0,0.0,0.0,1.0,0.0,1.0,0.0,C2
0.0,2.0,1.0,1.0,1.0,1.0,0.0,0.0,1.0,1.0,0.0,0.0,2.0,0.0,1.0,0.0,2.0,1.0,0.0,0.0,C1
0.0,2.0,0.0,0.0,1.0,0.0,1.0,0.0,1.0,0.0,0.0,0.0,2.0,0.0,0.0,0.0,2.0,0.0,0.0,1.0,C1
1.0,3.0,1.0,0.0,1.0,1.0,1.0,0.0,1.0,0.0,1.0,1.0,3.0,0.0,1.0,1.0,2.0,0.0,0.0,0.0,C1
1.0,3.0,1.0,1.0,1.0,0.0,0.0,0.0,0.0,1.0,1.0,0.0,5.0,0.0,0.0,0.0,2.0,0.0,1.0,0.0,C2
1.0,2.0,1.0,1.0,1.0,1.0,0.0,1.0,1.0,0.0,0.0,0.0,3.0,0.0,1.0,0.0,2.0,1.0,1.0,0.0,B2
0.0,1.0,0.0,0.0,1.0,0.0,0.0,0.0,1.0,0.0,0.0,0.0,2.0,0.0,0.0,0.0,2.0,0.0,0.0,1.0,C2
0.0,2.0,0.0,0.0,0.0,0.0,1.0,0.0,1.0,0.0,0.0,0.0,4.0,0.0,0.0,1.0,1.0,0.0,0.0,0.0,DE
1.0,2.0,0.0,1.0,1.0,1.0,1.0,1.0,1.0,1.0,1.0,1.0,2.0,0.0,0.0,1.0,2.0,0.0,0.0,1.0,C1
0.0,2.0,0.0,0.0,1.0,0.0,1.0,0.0,1.0,1.0,1.0,0.0,3.0,0.0,1.0,1.0,1.0,1.0,0.0,1.0,C2
1.0,2.0,2.0,1.0,1.0,1.0,1.0,0.0,1.0,0.0,0.0,0.0,4.0,0.0,0.0,1.0,2.0,1.0,0.0,1.0,C1
0.0,3.0,0.0,1.0,1.0,0.0,1.0,0.0,1.0,0.0,1.0,0.0,3.0,0.0,1.0,1.0,2.0,0.0,0.0,1.0,C2
1.0,4.0,0.0,1.0,1.0,0.0,1.0,0.0,1.0,1.0,1.0,0.0,4.0,0.0,0.0,1.0,2.0,1.0,0.0,1.0,C1
1.0,2.0,0.0,0.0,1.0,1.0,1.0,1.0,1.0,1.0,1.0,0.0,2.0,0.0,1.0,0.0,1.0,1.0,0.0,1.0,B2
1.0,2.0,0.0,0.0,1.0,2.0,1.0,1.0,2.0,1.0,0.0,1.0,2.0,2.0,1.0,1.0,2.0,0.0,0.0,1.0,A
1.0,3.0,0.0,1.0,1.0,1.0,1.0,1.0,2.0,1.0,1.0,0.0,3.0,1.0,1.0,1.0,2.0,1.0,0.0,1.0,B2
1.0,2.0,0.0,0.0,1.0,2.0,1.0,1.0,1.0,1.0,2.0,1.0,2.0,1.0,1.0,1.0,2.0,0.0,0.0,1.0,B2
1.0,3.0,1.0,0.0,1.0,0.0,1.0,0.0,1.0,1.0,1.0,0.0,3.0,0.0,1.0,2.0,2.0,1.0,0.0,1.0,C1
1.0,3.0,1.0,1.0,1.0,2.0,1.0,0.0,2.0,1.0,2.0,0.0,4.0,1.0,1.0,1.0,3.0,1.0,0.0,1.0,B1
1.0,2.0,0.0,0.0,1.0,1.0,1.0,1.0,2.0,1.0,1.0,0.0,2.0,1.0,1.0,1.0,2.0,1.0,0.0,1.0,B2
1.0,5.0,0.0,1.0,1.0,1.0,1.0,1.0,1.0,1.0,3.0,0.0,5.0,3.0,1.0,1.0,3.0,0.0,0.0,1.0,B2
1.0,3.0,0.0,1.0,1.0,1.0,0.0,0.0,2.0,0.0,2.0,0.0,3.0,0.0,1.0,1.0,2.0,0.0,1.0,1.0,B1
1.0,5.0,0.0,0.0,2.0,1.0,0.0,0.0,2.0,0.0,3.0,0.0,5.0,3.0,1.0,1.0,3.0,1.0,1.0,1.0,A
1.0,2.0,0.0,0.0,1.0,0.0,1.0,0.0,1.0,0.0,1.0,0.0,2.0,2.0,0.0,1.0,2.0,0.0,0.0,0.0,B2
1.0,2.0,0.0,1.0,1.0,1.0,0.0,0.0,1.0,1.0,1.0,0.0,2.0,1.0,1.0,1.0,1.0,1.0,1.0,1.0,B2
1.0,3.0,0.0,0.0,1.0,1.0,1.0,0.0,1.0,0.0,1.0,0.0,3.0,2.0,0.0,0.0,2.0,1.0,0.0,0.0,C1
1.0,3.0,0.0,1.0,1.0,1.0,1.0,0.0,1.0,1.0,1.0,0.0,3.0,0.0,1.0,1.0,1.0,0.0,0.0,0.0,C1
1.0,2.0,0.0,0.0,1.0,0.0,1.0,0.0,1.0,0.0,0.0,0.0,2.0,0.0,1.0,1.0,1.0,0.0,0.0,0.0,C2
1.0,2.0,0.0,1.0,1.0,0.0,1.0,0.0,1.0,1.0,0.0,0.0,2.0,0.0,1.0,1.0,1.0,0.0,0.0,0.0,C2
0.0,2.0,0.0,0.0,1.0,0.0,1.0,0.0,1.0,0.0,0.0,0.0,2.0,0.0,0.0,0.0,1.0,0.0,0.0,0.0,DE
0.0,4.0,0.0,0.0,1.0,0.0,1.0,0.0,1.0,0.0,1.0,0.0,5.0,0.0,0.0,0.0,2.0,0.0,0.0,0.0,DE
1.0,5.0,0.0,0.0,1.0,0.0,0.0,0.0,1.0,0.0,0.0,0.0,6.0,0.0,1.0,1.0,2.0,0.0,1.0,0.0,C1
0.0,1.0,0.0,0.0,1.0,0.0,1.0,0.0,0.0,1.0,0.0,0.0,1.0,0.0,0.0,0.0,1.0,0.0,0.0,0.0,C2
1.0,2.0,1.0,0.0,1.0,0.0,0.0,0.0,1.0,0.0,0.0,0.0,3.0,0.0,0.0,0.0,2.0,0.0,1.0,0.0,C1
1.0,2.0,0.0,1.0,1.0,1.0,0.0,1.0,1.0,0.0,0.0,0.0,2.0,0.0,1.0,1.0,3.0,1.0,0.0,1.0,B1
